6192355000113151 
6192354999872951 
6192354999872952 
6192354999872953 
6192354999872954 
6192354999872955 
6192354999872956 
6192354999872958 
6192354999872959 
6192354999872957 
6192354999872960 
6192354999872961 
6192354999872962 
6192354999872963 
6192354999872964 
6192354999872965 
6192354999872966 
6192354999872967 
6192354999872968 
6192354999872969 
6192354999872970 
6192354999872971 
6192354999872972 
6192354999872973 
6192354999872974 
6192354999872975 
6192354999872976 
6192354999872977 
6192354999872978 
6192354999872979 
6192354999872980 
6192354999872981 
6192354999872982 
6192354999872983 
6192354999872984 
6192354999872985 
6192354999872986 
6192354999872987 
6192354999872988 
6192354999872989 
6192354999872990 
6192354999872991 
6192354999872992 
6192354999872993 
6192354999872994 
6192354999872995 
6192354999872996 
6192354999872997 
6192354999872998 
6192354999872999 
6192354999873000 
6192354999873001 
6192354999873002 
6192354999873003 
6192354999873004 
6192354999873005 
6192354999873006 
6192354999873007 
6192354999873008 
6192354999873009 
6192354999873010 
6192354999873011 
6192354999873012 
6192354999873013 
6192354999873014 
6192354999873015 
6192354999873016 
6192354999873017 
6192354999873018 
6192354999873019 
6192354999873020 
6192354999873021 
6192354999873022 
6192354999873023 
6192354999873024 
6192354999873025 
6192354999873026 
6192354999873027 
6192354999873028 
6192354999873029 
6192354999873030 
6192354999873031 
6192354999873032 
6192354999873033 
6192354999873034 
6192354999873035 
6192354999873036 
6192354999873037 
6192354999873038 
6192354999873039 
6192354999873040 
6192354999873041 
6192354999873042 
6192354999873043 
6192354999873044 
6192354999873045 
6192354999873046 
6192354999873047 
6192354999873048 
6192354999873049 
6192354999873050 
6192354999873051 
6192354999873052 
6192354999873053 
6192354999873054 
6192354999873055 
6192354999873056 
6192354999873057 
6192354999873058 
6192354999873059 
6192354999873060 
6192354999873061 
6192354999873062 
6192354999873063 
6192354999873064 
6192354999873065 
6192354999873066 
6192355000307651 
6192355000307652 
6192355000307653 
6192355000352352 
6192355000352353 
6192355000352354 
6192355000352355 
6192355000352356 
6192355000352358 
6192355000352359 
6192355000352360 
6192355000352361 
6192355000381351 
6192355000381352 
6192355000381355 
6192355000386851 
6192355000452151 
6192355000452152 
6192355000452153 
6192355000718252 
6192355000718253 
6192355000718254 
6192355000724253 
6192355000724254 
6192355000724255 
6192355000724256 
6192355000724257 
6192355000724258 
6192355000724259 
6192355000724260 
6192355000724261 
6192355000724262 
6192355000724263 
6192355000765151 
6192355000765152 
6192355000765153 
6192355000765154 
6192355000765155 
6192355000814151 
6192355000814152 
6192355000814951 
6192355000818151 
6192355000818152 
6192355000885351 
6192355000885352 
6192355000885353 
6192355000997858 
6192355000997859 
6192355000997860 
6192355000997861 
6192355000997862 
6192355000997863 
6192355001024251 
6192355001024252 
6192355001024253 
6192355001024254 
6192355001024255 
6192355001024256 
6192355001024257 
6192355001211052 
6192355001406351 
6192355001406352 
6192355001406353 
6192355001406354 
6192355000113152 
6192354999931951 
6192354999931952 
6192354999931953 
6192355000113154 
6192355000002751 
6192355000002752 
6192355000002753 
6192355000002754 
6192355000002755 
6192355000002756 
6192355000002757 
6192355000002758 
6192355000002759 
6192355000002760 
6192355000002761 
6192355000002762 
6192355000002763 
6192355000002764 
6192355000002765 
6192355000002768 
6192355000002769 
6192355000002770 
6192355000002771 
6192355000002772 
6192355000002773 
6192355000002774 
6192355000002775 
6192355000002776 
6192355000002777 
6192355000002778 
6192355000002779 
6192355000393553 
6192355000393554 
6192355000393555 
6192355000393556 
6192355000393559 
6192355000393560 
6192355000393561 
6192355000393562 
6192355000393563 
6192355000393564 
6192355000393565 
6192355000393566 
6192355000393567 
6192355000393568 
6192355000393569 
6192355000393570 
6192355000393571 
6192355000393572 
6192355000393573 
6192355000393574 
6192355000393575 
6192355000393576 
6192355000393577 
6192355000393578 
6192355000393579 
6192355000393580 
6192355000393581 
6192355000393582 
6192355000393583 
6192355000393584 
6192355000393585 
6192355000393586 
6192355000393587 
6192355000393588 
6192355000888251 
6192355000886601 
6192355000886602 
6192355000886603 
6192355000886605 
6192355000886606 
6192355000886604 
6192355000886607 
6192355000886608 
6192355000886609 
6192355000886610 
6192355000886611 
6192355000886612 
6192355000886613 
6192355000886614 
6192355000886615 
6192355000886616 
6192355000886619 
6192355000886620 
6192355000886621 
6192355000886622 
6192355000886623 
6192355000886624 
6192355000886625 
6192355000886626 
6192355000886627 
6192355000886628 
6192355000886629 
6192355000886630 
6192355000886631 
6192355000886632 
6192355000886633 
6192355000886634 
6192355000886635 
6192355000886636 
6192355000886637 
6192355000886638 
6192355000886639 
6192355000886640 
6192355000886641 
6192355000886642 
6192355000886643 
6192355000886644 
6192355000886646 
6192355000886645 
6192355000886647 
6192355000886648 
6192355000886649 
6192355000886650 
6192355000887552 
6192355000887551 
6192355000887553 
6192355000887554 
6192355000887555 
6192355000887556 
6192355000887557 
6192355000887558 
6192355000887559 
6192355000887560 
6192355000887561 
6192355000887562 
6192355000887563 
6192355000887564 
6192355000887566 
6192355000887568 
6192355000887567 
6192355000887569 
6192355000887570 
6192355000887571 
6192355000887572 
6192355000888252 
6192355000888253 
6192355000906751 
6192355000906752 
6192355000906753 
6192355000906754 
6192355001374202 
6192355001374203 
6192355001374204 
6192355001374205 
6192355001374207 
6192355001374206 
6192354999814051 
6192354999814651 
6192354999814652 
6192355001374208 
6192355000146934 
6192355000146935 
6192355000146933 
6192355000146937 
6192355000146938 
6192355000146936 
6192355000146940 
6192355000146943 
6192355000146939 
6192355000146942 
6192355000146946 
6192355000146941 
6192355000146945 
6192355000149452 
6192355000146944 
6192355000146948 
6192355000146949 
6192355000146947 
6192355000149451 
6192355000149453 
6192355000146950 
6192355000149455 
6192355000149456 
6192355000149454 
6192355000149458 
6192355000149459 
6192355000149460 
6192355000149457 
6192354999936851 
6192355001258451 
6192354999869640 
6192354999869641 
6192354999869639 
6192354999869643 
6192354999869644 
6192354999869645 
6192354999869642 
6192354999869649 
6192354999869650 
6192354999869651 
6192354999869648 
6192354999869647 
6192354999869646 
6192354999869653 
6192354999869654 
6192354999869652 
6192354999869656 
6192354999869657 
6192354999869655 
6192354999869659 
6192354999869660 
6192354999869661 
6192354999869658 
6192354999869663 
6192354999869664 
6192354999869665 
6192354999869662 
6192354999869667 
6192354999869666 
6192354999869669 
6192354999869670 
6192354999869671 
6192354999869668 
6192354999869673 
6192354999869674 
6192354999869672 
6192354999869676 
6192354999869677 
6192354999869675 
6192354999869679 
6192354999869680 
6192354999869678 
6192354999869682 
6192354999869683 
6192354999869681 
6192354999869685 
6192354999869686 
6192354999869688 
6192354999869684 
6192354999869690 
6192354999869689 
6192354999869692 
6192354999869691 
6192354999869694 
6192354999869695 
6192354999869693 
6192354999869697 
6192354999869698 
6192354999869696 
6192354999869700 
6192354999869701 
6192354999869699 
6192355000745265 
6192355001338051 
6192355001338052 
6192355000745264 
6192355001338054 
6192355001338057 
6192355001338053 
6192355001338056 
6192355001338055 
6192355001338059 
6192355001338060 
6192355001338058 
6192355001338062 
6192355001338063 
6192355001338064 
6192355001338061 
6192355001338066 
6192355001338067 
6192355001338065 
6192355001338069 
6192355001338085 
6192355001338068 
6192355001338071 
6192355001338070 
6192355001338073 
6192355001338074 
6192355001338072 
6192355001338076 
6192355001338077 
6192355001338078 
6192355001338075 
6192355001338080 
6192355001338079 
6192355001338082 
6192355001338081 
6192355001338084 
6192355001338086 
6192355001338089 
6192355001338083 
6192355001338088 
6192355001338087 
6192355001338091 
6192355001338092 
6192355001338097 
6192355001338090 
6192355001338094 
6192355001338098 
6192355001338093 
6192355001338096 
6192355001338099 
6192355001338095 
6192355001338101 
6192355001338102 
6192355001338100 
6192355001338104 
6192355001338105 
6192355001338103 
6192355000841352 
6192355001236836 
6192355000841351 
6192355001236835 
6192355001236834 
6192355001236838 
6192355001236843 
6192355001236837 
6192355001236840 
6192355001236850 
6192355001236839 
6192355001236849 
6192355001241451 
6192355001241452 
6192355001236848 
6192355001241454 
6192355001241453 
6192355001241456 
6192355001241457 
6192355001241455 
6192355001241459 
6192355001241463 
6192355001241458 
6192355001241461 
6192355001241462 
6192355001241460 
6192355001173158 
6192355001173159 
6192355001173157 
6192355001173161 
6192355001173162 
6192355001173160 
6192355001251661 
6192355001251662 
6192355001251660 
6192355001251664 
6192355001251695 
6192355001251663 
6192355001251666 
6192355001251697 
6192355001251665 
6192355001251668 
6192355001251698 
6192355001251667 
6192355001251670 
6192355001251681 
6192355001251669 
6192355001251672 
6192355001251671 
6192355001251674 
6192355001251677 
6192355001251673 
6192355001251679 
6192355001251680 
6192355001251678 
6192355001251683 
6192355001251684 
6192355001251682 
6192355001251687 
6192355001251688 
6192355001251686 
6192355001251690 
6192355001251691 
6192355001251694 
6192355001251689 
6192355001251693 
6192355001251692 
6192355001243852 
6192355001251651 
6192355001243851 
6192355001251654 
6192355001251655 
6192355001251656 
6192355001251653 
6192355001251658 
6192355001251659 
6192355001251657 
6192354999901752 
6192354999927351 
6192354999936870 
6192355001271552 
6192354999869802 
6192354999869803 
6192354999869804 
6192354999869801 
6192354999869806 
6192354999869807 
6192354999869805 
6192354999869809 
6192354999869808 
6192354999869811 
6192354999869812 
6192354999869813 
6192354999869810 
6192354999869815 
6192354999869816 
6192354999869814 
6192354999869818 
6192354999869819 
6192354999869817 
6192354999869821 
6192354999869820 
6192354999869823 
6192354999869824 
6192354999869822 
6192354999869826 
6192354999869827 
6192354999869825 
6192354999869829 
6192354999869830 
6192354999869828 
6192354999869832 
6192354999869833 
6192354999869831 
6192354999869835 
6192354999869836 
6192354999869834 
6192354999869838 
6192354999869839 
6192354999869837 
6192354999869841 
6192354999869842 
6192354999869843 
6192354999869840 
6192354999869845 
6192354999869846 
6192354999869844 
6192354999869848 
6192354999869849 
6192354999869850 
6192354999869847 
6192354999869852 
6192354999869853 
6192354999869851 
6192354999869855 
6192354999869856 
6192354999869857 
6192354999869854 
6192354999869859 
6192355000258351 
6192354999869858 
6192354999869861 
6192354999869862 
6192354999869860 
6192354999869864 
6192354999869865 
6192354999869863 
6192354999869867 
6192354999869868 
6192354999869866 
6192354999869870 
6192354999869871 
6192354999869869 
6192354999869873 
6192354999869872 
6192354999869875 
6192355000164251 
6192354999869874 
6192354999869877 
6192354999869878 
6192354999869876 
6192354999869880 
6192354999869881 
6192354999869879 
6192354999869883 
6192354999940164 
6192354999869882 
6192354999869885 
6192354999869886 
6192354999869887 
6192354999869884 
6192354999869889 
6192354999869890 
6192354999869888 
6192354999869892 
6192354999869893 
6192354999869894 
6192354999869891 
6192354999940166 
6192354999940165 
6192355000831852 
6192355000831874 
6192355000831851 
6192355000831854 
6192355000831857 
6192355000831853 
6192355000831856 
6192355000831878 
6192355000831855 
6192355000831859 
6192355000831862 
6192355000831887 
6192355000831858 
6192355000831861 
6192355000831865 
6192355000831860 
6192355000831864 
6192355000831881 
6192355000831863 
6192355000831867 
6192355000831882 
6192355000831866 
6192355000831869 
6192355000831883 
6192355001407552 
6192355000831868 
6192355000831871 
6192355000831873 
6192355000831870 
6192355000831876 
6192355000831877 
6192355000831875 
6192355000831885 
6192355000831886 
6192355000831884 
6192355001407554 
6192355001407555 
6192355001407553 
6192355001407557 
6192355001407558 
6192355001407556 
6192355000833075 
6192355000833088 
6192355000833091 
6192355000833074 
6192355000833077 
6192355000833080 
6192355000833076 
6192355000833079 
6192355000833087 
6192355000833078 
6192355000833082 
6192355000833081 
6192355000833084 
6192355000833085 
6192355000833086 
6192355000833083 
6192355000833090 
6192355000833089 
6192355000833093 
6192355000833096 
6192355000833092 
6192355000833095 
6192355000833094 
6192355000833098 
6192355000833099 
6192355000833097 
6192355000833101 
6192355000833102 
6192355000833103 
6192355000833100 
6192355000833105 
6192355000833106 
6192355000833104 
6192355001099152 
6192355001100702 
6192355001100703 
6192355001099151 
6192355001099155 
6192355001099154 
6192355001099158 
6192355001100706 
6192355001099157 
6192355001100705 
6192355001100704 
6192355001100709 
6192355001100710 
6192355001100711 
6192355001100708 
6192355001100713 
6192355001100714 
6192355001100712 
6192355001100716 
6192355001100717 
6192355001100715 
6192355001100719 
6192355001100720 
6192355001100718 
6192355001100722 
6192355001100723 
6192355001100721 
6192355001100725 
6192355001100726 
6192355001100727 
6192355001100724 
6192355001099160 
6192355001100728 
6192355001100729 
6192355001099159 
6192355001100731 
6192355001100730 
6192355001100733 
6192355001100747 
6192355001100732 
6192355001100735 
6192355001100736 
6192355001100734 
6192355001100738 
6192355001100748 
6192355001100737 
6192355001100740 
6192355001103251 
6192355001100739 
6192355001100742 
6192355001100743 
6192355001100744 
6192355001100741 
6192355001100746 
6192355001100745 
6192355001100750 
6192355001103252 
6192355001100749 
6192355001103254 
6192355001103255 
6192355001103256 
6192355001103253 
6192355001103259 
6192355001103260 
6192355001103257 
6192355001103262 
6192355001103261 
6192355001397658 
6192355001397657 
6192355001397660 
6192355001405666 
6192355001397659 
6192355001405653 
6192355001405654 
6192355001405652 
6192355001405656 
6192355001405661 
6192355001405655 
6192355001405658 
6192355001405662 
6192355001405663 
6192355001405657 
6192355001405668 
6192355001405667 
6192355001405670 
6192355001405671 
6192355001405669 
6192355001405673 
6192355001405672 
6192355001405675 
6192355001405676 
6192355001405674 
6192355001405678 
6192355001405681 
6192355001407551 
6192355001405677 
6192355001405683 
6192355001405682 
6192355001405685 
6192355001405688 
6192355001405684 
6192355001405691 
6192355001405692 
6192355001405690 
6192355001405694 
6192355001405693 
6192355001405696 
6192355001405695 
6192355001405698 
6192355001405699 
6192355001405697 
6192355001405701 
6192355001405700 
6192355001405703 
6192355001405704 
6192355001405702 
6192354999936852 
6192355001258452 
6192354999869938 
6192354999869939 
6192354999869940 
6192354999869937 
6192354999869942 
6192354999869943 
6192354999869941 
6192354999869945 
6192354999869946 
6192354999869944 
6192354999869948 
6192354999869949 
6192354999869950 
6192354999869947 
6192354999869952 
6192354999869953 
6192354999869951 
6192354999869955 
6192354999869956 
6192354999869957 
6192354999869954 
6192354999869959 
6192354999869960 
6192354999869961 
6192354999869958 
6192354999869963 
6192354999869964 
6192354999869962 
6192354999869966 
6192354999869965 
6192354999869968 
6192354999869969 
6192354999869970 
6192354999869967 
6192354999869972 
6192354999869973 
6192354999869971 
6192354999869975 
6192354999869976 
6192354999869974 
6192354999869978 
6192354999869979 
6192354999869977 
6192354999869981 
6192354999869982 
6192354999869980 
6192354999869984 
6192354999869985 
6192354999869983 
6192354999869987 
6192354999869986 
6192354999869989 
6192354999869990 
6192354999869991 
6192354999869988 
6192354999869993 
6192354999869994 
6192354999869992 
6192355000850065 
6192354999869996 
6192354999869997 
6192354999869995 
6192354999869999 
6192354999869998 
6192355000717272 
6192355000717273 
6192355000717275 
6192355000717271 
6192355001312966 
6192355001490263 
6192355001490264 
6192355001312965 
6192355001490260 
6192355001490267 
6192355001490259 
6192355001490262 
6192355001490268 
6192355001490269 
6192355001490261 
6192354999924751 
6192355001258453 
6192354999870023 
6192354999870024 
6192354999870022 
6192354999870026 
6192354999870027 
6192354999870025 
6192354999870029 
6192354999870030 
6192354999870028 
6192354999870032 
6192354999870033 
6192354999870031 
6192354999870035 
6192354999870036 
6192354999870034 
6192354999870038 
6192354999870039 
6192354999870037 
6192354999870041 
6192354999870040 
6192354999870043 
6192354999870044 
6192354999870045 
6192354999870042 
6192354999870047 
6192354999870048 
6192354999870046 
6192354999870050 
6192354999870051 
6192354999870049 
6192354999870053 
6192354999870052 
6192354999870055 
6192354999870056 
6192354999870054 
6192354999870058 
6192354999870059 
6192354999870057 
6192354999870061 
6192354999870062 
6192354999870063 
6192354999870060 
6192354999870065 
6192354999870066 
6192354999870064 
6192354999870068 
6192354999870069 
6192354999870067 
6192354999870071 
6192354999870072 
6192354999870073 
6192354999870070 
6192354999870075 
6192354999870076 
6192354999870074 
6192355000934590 
6192355000934591 
6192355000934589 
6192355000934593 
6192355000934594 
6192355000934592 
6192355000934596 
6192355000934597 
6192355000934598 
6192355000934595 
6192355000934600 
6192355000934601 
6192355000934599 
6192355000934603 
6192355000934604 
6192355000934602 
6192354999901751 
6192355001271554 
6192355001312964 
6192355001490255 
6192355001312963 
6192355001490252 
6192355001490256 
6192355001490258 
6192355001490251 
6192355001490254 
6192355001490257 
6192355001490253 
6192354999936854 
6192355001258457 
6192354999936855 
6192354999870405 
6192354999870406 
6192354999870407 
6192354999870404 
6192354999870409 
6192354999870408 
6192354999870411 
6192354999870410 
6192354999870413 
6192354999870414 
6192354999870412 
6192354999870416 
6192354999870415 
6192354999870422 
6192354999870423 
6192354999870424 
6192354999870421 
6192354999870426 
6192354999870425 
6192354999870428 
6192354999870429 
6192354999870430 
6192354999870427 
6192354999870432 
6192354999870431 
6192354999870434 
6192354999870435 
6192354999870436 
6192354999870433 
6192354999870438 
6192354999870439 
6192354999870440 
6192354999870437 
6192354999870479 
6192354999870480 
6192354999870478 
6192354999870491 
6192354999870492 
6192354999870490 
6192354999870494 
6192354999870495 
6192354999870493 
6192354999870497 
6192354999870498 
6192354999870496 
6192354999870500 
6192354999870501 
6192354999870499 
6192354999870503 
6192354999870504 
6192354999870505 
6192354999870502 
6192354999870507 
6192354999870508 
6192354999870506 
6192354999870510 
6192354999870511 
6192354999870512 
6192354999870509 
6192354999870514 
6192354999870515 
6192354999870516 
6192354999870513 
6192354999870518 
6192354999870520 
6192354999870519 
6192354999870517 
6192354999870522 
6192354999870523 
6192354999870521 
6192354999870525 
6192354999870526 
6192354999870524 
6192354999870528 
6192354999870529 
6192354999870527 
6192354999870531 
6192354999870532 
6192354999870533 
6192354999870530 
6192354999870535 
6192354999870536 
6192354999870537 
6192354999870534 
6192354999870539 
6192354999870540 
6192354999870538 
6192354999870542 
6192354999870543 
6192354999870541 
6192354999870545 
6192354999870546 
6192354999870544 
6192354999870548 
6192354999870550 
6192354999870549 
6192354999870547 
6192354999870552 
6192354999870553 
6192354999870551 
6192354999870555 
6192354999870556 
6192354999870554 
6192354999870558 
6192354999870559 
6192354999870560 
6192354999870557 
6192354999870578 
6192354999870577 
6192354999870579 
6192354999870576 
6192354999870581 
6192354999870582 
6192354999870583 
6192354999870580 
6192354999870585 
6192354999870586 
6192354999870584 
6192354999870588 
6192354999870589 
6192354999870587 
6192354999870591 
6192354999870592 
6192354999870590 
6192355000717268 
6192355000717269 
6192355000717270 
6192355000717267 
6192355000745269 
6192355001425053 
6192355001425060 
6192355000745268 
6192355001425055 
6192355001425067 
6192355001425068 
6192355001425054 
6192355001425057 
6192355001425058 
6192355001425059 
6192355001425056 
6192355001425062 
6192355001425063 
6192355001425064 
6192355001425061 
6192355001425066 
6192355001425065 
6192355001425070 
6192355001425071 
6192355001425072 
6192355001425069 
6192355001425074 
6192355001425075 
6192355001425076 
6192355001425073 
6192355001425078 
6192355001425079 
6192355001425077 
6192355001425081 
6192355001425082 
6192355001425080 
6192355000934563 
6192355000934576 
6192355000934562 
6192355000934565 
6192355000934572 
6192355000934573 
6192355000934564 
6192355000934567 
6192355000934568 
6192355000934569 
6192355000934566 
6192355000934575 
6192355000934577 
6192355000934574 
6192355000934579 
6192355000934580 
6192355000934581 
6192355000934578 
6192355000934583 
6192355000934584 
6192355000954451 
6192355000934582 
6192355000934586 
6192355000934587 
6192355000934588 
6192355000934585 
6192355000954453 
6192355000954458 
6192355000954452 
6192355000954461 
6192355000954462 
6192355001257897 
6192355000954460 
6192355000954464 
6192355000954465 
6192355000954463 
6192355000954468 
6192355001257898 
6192355001257918 
6192355000954467 
6192355000954470 
6192355000954471 
6192355000954472 
6192355000954469 
6192355000954474 
6192355000954475 
6192355001261751 
6192355000954473 
6192355000954477 
6192355000954478 
6192355000954479 
6192355000954476 
6192355001257900 
6192355001257899 
6192355001257917 
6192355001257916 
6192355001257920 
6192355001257921 
6192355001257919 
6192355001257923 
6192355001257924 
6192355001257922 
6192355000954455 
6192355001169728 
6192355000954454 
6192355000954486 
6192355000954487 
6192355000954488 
6192355000954485 
6192355000954490 
6192355000954491 
6192355000954489 
6192355001257902 
6192355001257925 
6192355001257901 
6192355001257906 
6192355001257926 
6192355001257905 
6192355001257910 
6192355001257934 
6192355001257909 
6192355001257912 
6192355001257935 
6192355001257911 
6192355001257936 
6192355001257932 
6192355001257913 
6192355001257928 
6192355001257931 
6192355001257927 
6192355001257930 
6192355001257933 
6192355001257929 
6192355001049652 
6192355001049655 
6192355001049651 
6192355001049657 
6192355001049667 
6192355001049656 
6192355001049659 
6192355001049660 
6192355001049661 
6192355001049658 
6192355001049663 
6192355001049664 
6192355001100651 
6192355001049662 
6192355001049666 
6192355001049668 
6192355001049669 
6192355001049665 
6192355001049671 
6192355001100652 
6192355001049670 
6192355001100654 
6192355001100653 
6192355001100661 
6192355001100656 
6192355001100664 
6192355001100655 
6192355001100658 
6192355001100657 
6192355001100660 
6192355001100659 
6192355001100663 
6192355001100665 
6192355001100666 
6192355001100662 
6192355001100668 
6192355001100667 
6192355001173179 
6192355001173178 
6192355001173181 
6192355001173180 
6192355001049654 
6192355001103301 
6192355001049653 
6192355001103291 
6192355001103292 
6192355001103290 
6192355001103294 
6192355001103295 
6192355001103293 
6192355001103297 
6192355001103298 
6192355001103296 
6192355001103300 
6192355001103304 
6192355001103299 
6192355001103303 
6192355001103302 
6192355001103306 
6192355001103318 
6192355001103305 
6192355001103308 
6192355001103311 
6192355001103307 
6192355001103310 
6192355001103309 
6192355001103313 
6192355001103312 
6192355001103315 
6192355001103324 
6192355001103325 
6192355001103314 
6192355001103317 
6192355001103323 
6192355001103316 
6192355001103320 
6192355001103321 
6192355001103319 
6192355001257889 
6192355001257890 
6192355001257888 
6192355001257892 
6192355001257893 
6192355001257891 
6192355001257895 
6192355001257896 
6192355001257894 
6192355001257938 
6192355001257939 
6192355001257937 
6192355001257944 
6192355001257945 
6192355001257946 
6192355001257943 
6192355001257941 
6192355001257942 
6192355001257940 
6192355001426152 
6192355001426174 
6192355001426175 
6192355001426151 
6192355001426177 
6192355001426180 
6192355001426176 
6192355001426179 
6192355001426181 
6192355001426182 
6192355001426178 
6192355001426184 
6192355001426187 
6192355001426183 
6192355001426186 
6192355001426209 
6192355001426185 
6192355001426189 
6192355001426193 
6192355001426188 
6192355001426191 
6192355001426192 
6192355001426190 
6192355001426195 
6192355001426196 
6192355001426194 
6192355001426198 
6192355001426199 
6192355001426197 
6192355001426201 
6192355001426202 
6192355001426200 
6192355001426204 
6192355001426207 
6192355001426203 
6192355001426206 
6192355001426208 
6192355001426205 
6192355001426211 
6192355001426210 
6192355001426213 
6192355001426214 
6192355001426212 
6192355001426216 
6192355001426215 
6192354999887451 
6192355001271556 
6192355000697602 
6192355000697601 
6192355000697604 
6192355000697603 
6192355000697606 
6192355000697607 
6192355000697608 
6192355000697605 
6192355001141175 
6192355001141174 
6192355001409352 
6192355001409351 
6192355001409354 
6192355001409355 
6192355001409353 
6192355001409357 
6192355001409358 
6192355001409356 
6192355001409360 
6192355001409361 
6192355001409364 
6192355001409359 
6192355001409363 
6192355001409362 
6192355001409366 
6192355001409367 
6192355001409365 
6192355001409369 
6192355001409368 
6192355001409371 
6192355001409372 
6192355001409370 
6192355001409374 
6192355001409375 
6192355001409373 
6192354999900451 
6192355001258461 
6192354999870813 
6192354999870814 
6192354999870815 
6192354999870812 
6192354999870817 
6192354999870818 
6192354999870816 
6192354999870820 
6192354999870821 
6192354999870819 
6192354999870823 
6192354999870824 
6192354999870822 
6192354999870826 
6192354999870827 
6192354999870828 
6192354999870825 
6192354999870830 
6192354999870831 
6192354999870832 
6192354999870829 
6192355001236774 
6192355001236785 
6192355001236786 
6192355001236787 
6192355001236788 
6192355001236773 
6192355001236790 
6192355001236800 
6192355001236789 
6192355001236792 
6192355001236793 
6192355001236815 
6192355001236791 
6192355001236795 
6192355001236796 
6192355001236794 
6192355001236798 
6192355001236799 
6192355001236797 
6192355001236802 
6192355001236803 
6192355001236804 
6192355001236801 
6192355001236806 
6192355001236807 
6192355001236805 
6192355001236809 
6192355001236810 
6192355001236808 
6192355001236812 
6192355001236813 
6192355001236814 
6192355001236811 
6192354999921751 
6192355001258463 
6192354999870715 
6192354999870716 
6192354999870717 
6192354999870714 
6192354999870720 
6192354999870721 
6192354999870719 
6192354999870723 
6192354999870724 
6192354999870722 
6192354999870726 
6192354999870727 
6192354999870725 
6192354999870729 
6192354999870730 
6192354999870728 
6192354999870732 
6192354999870733 
6192354999870734 
6192354999870731 
6192354999870736 
6192354999870737 
6192354999870735 
6192354999870739 
6192354999870740 
6192354999870738 
6192354999870742 
6192354999870743 
6192354999870741 
6192354999870745 
6192354999870746 
6192354999870744 
6192355000175558 
6192355000175559 
6192355000175557 
6192354999870748 
6192354999870749 
6192354999870750 
6192354999870747 
6192354999870752 
6192354999870753 
6192354999870751 
6192354999870755 
6192354999870756 
6192354999870754 
6192354999870758 
6192354999870759 
6192354999870757 
6192354999870761 
6192354999870762 
6192354999870760 
6192354999870764 
6192354999870765 
6192354999870763 
6192354999870767 
6192354999870768 
6192354999870766 
6192354999870770 
6192354999870771 
6192354999870772 
6192354999870769 
6192354999870774 
6192354999870775 
6192354999870776 
6192354999870773 
6192354999870778 
6192354999870779 
6192354999870780 
6192354999870777 
6192354999870782 
6192354999870783 
6192354999870781 
6192354999939958 
6192354999940151 
6192354999939957 
6192354999870785 
6192354999870786 
6192354999870787 
6192354999870784 
6192354999870789 
6192354999870790 
6192354999870788 
6192354999870792 
6192354999870793 
6192354999870791 
6192354999870795 
6192354999870796 
6192354999870794 
6192354999870798 
6192354999870799 
6192354999870797 
6192354999870801 
6192354999870802 
6192354999870800 
6192354999870804 
6192354999870803 
6192354999870806 
6192354999870807 
6192354999870805 
6192354999870809 
6192354999870810 
6192354999870811 
6192354999870808 
6192354999936856 
6192354999870944 
6192354999870945 
6192354999870946 
6192354999870943 
6192354999870948 
6192354999870949 
6192354999870950 
6192354999870947 
6192354999870952 
6192354999870953 
6192354999870954 
6192354999870951 
6192354999870957 
6192354999870958 
6192354999870955 
6192354999870960 
6192354999870961 
6192354999870962 
6192354999870963 
6192354999870959 
6192354999870965 
6192354999870966 
6192354999870964 
6192354999870968 
6192354999870967 
6192354999870970 
6192354999870971 
6192354999870969 
6192354999870973 
6192354999870974 
6192354999870972 
6192354999870976 
6192354999870977 
6192354999870978 
6192354999870975 
6192354999870980 
6192354999870981 
6192354999870979 
6192354999870983 
6192354999870984 
6192354999870982 
6192354999870986 
6192354999870987 
6192354999870985 
6192354999870991 
6192354999870989 
6192354999870990 
6192354999870988 
6192354999870993 
6192354999870994 
6192354999870995 
6192354999870992 
6192354999870997 
6192354999870998 
6192354999870996 
6192354999871000 
6192354999871001 
6192354999870999 
6192354999871003 
6192354999871004 
6192354999871002 
6192354999871006 
6192354999871005 
6192354999871011 
6192354999871012 
6192354999871010 
6192354999871008 
6192354999871009 
6192354999871007 
6192354999871014 
6192354999871015 
6192354999871013 
6192354999871017 
6192354999871018 
6192354999871016 
6192354999871020 
6192354999871021 
6192354999871019 
6192354999871023 
6192354999871024 
6192354999871025 
6192354999871022 
6192354999871027 
6192354999871026 
6192354999871029 
6192354999871030 
6192354999871028 
6192354999871032 
6192354999871031 
6192354999871034 
6192354999871035 
6192354999871036 
6192354999871033 
6192354999871038 
6192354999871039 
6192354999871037 
6192354999871041 
6192354999871042 
6192354999871040 
6192354999871044 
6192354999871045 
6192354999871043 
6192354999871047 
6192354999871048 
6192354999871046 
6192354999871050 
6192354999871051 
6192354999871052 
6192354999871053 
6192354999871049 
6192354999871055 
6192354999871056 
6192354999871054 
6192354999871061 
6192354999871060 
6192354999871058 
6192354999871059 
6192354999871057 
6192354999871063 
6192354999871064 
6192354999871062 
6192354999871066 
6192354999871067 
6192354999871065 
6192354999871069 
6192354999871068 
6192354999871071 
6192354999871070 
6192354999871153 
6192354999871154 
6192354999871155 
6192354999871156 
6192354999871152 
6192354999871158 
6192354999871159 
6192354999871157 
6192354999871161 
6192354999871162 
6192354999871163 
6192354999871160 
6192354999871165 
6192354999871166 
6192354999871167 
6192354999871164 
6192354999871169 
6192354999871170 
6192354999871171 
6192354999871168 
6192354999871173 
6192354999871172 
6192354999871175 
6192354999871176 
6192354999871174 
6192354999871178 
6192354999871177 
6192354999871180 
6192354999871181 
6192354999871179 
6192354999871183 
6192354999871184 
6192354999871182 
6192354999871186 
6192354999871187 
6192354999871185 
6192354999871189 
6192354999871190 
6192354999871191 
6192354999871188 
6192354999871193 
6192354999871194 
6192354999871192 
6192354999910651 
6192355001258464 
6192355000833111 
6192355000839394 
6192355000833110 
6192355000839396 
6192355000839397 
6192355000839395 
6192355000839399 
6192355000839402 
6192355000839398 
6192355000839401 
6192355000839403 
6192355000839400 
6192355000839407 
6192355000839405 
6192355000839406 
6192355000839404 
6192355000839409 
6192355000839410 
6192355000839408 
6192355000839412 
6192355000839413 
6192355000839416 
6192355000839411 
6192355000839415 
6192355000839435 
6192355000839414 
6192355000839418 
6192355000839417 
6192355000839420 
6192355000839423 
6192355000839419 
6192355000839422 
6192355000839426 
6192355000839421 
6192355000839425 
6192355000839427 
6192355000839424 
6192355000839429 
6192355000839430 
6192355000839428 
6192355000839432 
6192355000839436 
6192355000839431 
6192355000839434 
6192355000839440 
6192355000839433 
6192355000839438 
6192355000839439 
6192355000839437 
6192355000839442 
6192355000839441 
6192355000839449 
6192355000839450 
6192355000839448 
6192355000844752 
6192355000844755 
6192355000844751 
6192355000844754 
6192355000844756 
6192355000844753 
6192355000839444 
6192355000839445 
6192355001224628 
6192355000839443 
6192355000839447 
6192355000840553 
6192355000839446 
6192355000840556 
6192355000840567 
6192355000840554 
6192355000840558 
6192355000840557 
6192355000840560 
6192355000840561 
6192355000840562 
6192355000840559 
6192355000840564 
6192355000840566 
6192355000840563 
6192355000840569 
6192355000840568 
6192355000840571 
6192355000840570 
6192355000840573 
6192355000840574 
6192355000840572 
6192355000840576 
6192355000840577 
6192355000840575 
6192355000840579 
6192355000840578 
6192355000840581 
6192355000840582 
6192355000840580 
6192355001224630 
6192355001224629 
6192355000844758 
6192355000844759 
6192355000844757 
6192355000844761 
6192355000844764 
6192355000844760 
6192355000844763 
6192355000844768 
6192355000844762 
6192355000844766 
6192355000844767 
6192355000844765 
6192355001241465 
6192355001241471 
6192355001241464 
6192355001241467 
6192355001241472 
6192355001241475 
6192355001241466 
6192355001099162 
6192355001100676 
6192355001099161 
6192355001099752 
6192355001099753 
6192355001099751 
6192355001099755 
6192355001100677 
6192355001099754 
6192355001100679 
6192355001100678 
6192355001100681 
6192355001100682 
6192355001100683 
6192355001100680 
6192355001100685 
6192355001100688 
6192355001100684 
6192355001100687 
6192355001100686 
6192355001100690 
6192355001100689 
6192355001100692 
6192355001100691 
6192355001100694 
6192355001100695 
6192355001100696 
6192355001100693 
6192355001100698 
6192355001100699 
6192355001100700 
6192355001100701 
6192355001100697 
6192355001099164 
6192355001103287 
6192355001099163 
6192355001103264 
6192355001103281 
6192355001103263 
6192355001103266 
6192355001103267 
6192355001103265 
6192355001103269 
6192355001103270 
6192355001103268 
6192355001103272 
6192355001103271 
6192355001103274 
6192355001103280 
6192355001103273 
6192355001103277 
6192355001103276 
6192355001103289 
6192355001103275 
6192355001103279 
6192355001103288 
6192355001103278 
6192355001103283 
6192355001103284 
6192355001103282 
6192355001103286 
6192355001103285 
6192355001171352 
6192355001171353 
6192355001171354 
6192355001171351 
6192355001171356 
6192355001171357 
6192355001171358 
6192355001171355 
6192355001171360 
6192355001171361 
6192355001171359 
6192355001171363 
6192355001171364 
6192355001171362 
6192355001171366 
6192355001171365 
6192355001171368 
6192355001171369 
6192355001171370 
6192355001171367 
6192355001171372 
6192355001171371 
6192355001171374 
6192355001171375 
6192355001171376 
6192355001171373 
6192355001171378 
6192355001171379 
6192355001171380 
6192355001171377 
6192355001171382 
6192355001171383 
6192355001171381 
6192355001171385 
6192355001171386 
6192355001171387 
6192355001171384 
6192355001171389 
6192355001171390 
6192355001171388 
6192355001171395 
6192355001171396 
6192355001171397 
6192355001171394 
6192355001171399 
6192355001171400 
6192355001171398 
6192355001171392 
6192355001171393 
6192355001171391 
6192355001171402 
6192355001171403 
6192355001171404 
6192355001171401 
6192355001171406 
6192355001171407 
6192355001171405 
6192355001224383 
6192355001224385 
6192355001224413 
6192355001224382 
6192355001224387 
6192355001224388 
6192355001224386 
6192355001224390 
6192355001224391 
6192355001224392 
6192355001224389 
6192355001224394 
6192355001224419 
6192355001224393 
6192355001224417 
6192355001224418 
6192355001224396 
6192355001224404 
6192355001224405 
6192355001224403 
6192355001224415 
6192355001224416 
6192355001224414 
6192355001411580 
6192355001411585 
6192355001411579 
6192355001411582 
6192355001411581 
6192355001411584 
6192355001411588 
6192355001411583 
6192355001411587 
6192355001411595 
6192355001411586 
6192355001411592 
6192355001421251 
6192355001411591 
6192355001411590 
6192355001411598 
6192355001411589 
6192355001411594 
6192355001411593 
6192355001411597 
6192355001411599 
6192355001411600 
6192355001411596 
6192355001411602 
6192355001411603 
6192355001411604 
6192355001411601 
6192355001411606 
6192355001411607 
6192355001411605 
6192355001411609 
6192355001411610 
6192355001411611 
6192355001411608 
6192355001411613 
6192355001411614 
6192355001411612 
6192354999900651 
6192355001258466 
6192354999871344 
6192354999871345 
6192354999871343 
6192354999871347 
6192354999871348 
6192354999871349 
6192354999871346 
6192354999936857 
6192355001258467 
6192354999871393 
6192354999871394 
6192354999871392 
6192354999871396 
6192354999871397 
6192354999871395 
6192354999871399 
6192354999871400 
6192354999871398 
6192354999871402 
6192354999871401 
6192354999871404 
6192354999871405 
6192354999871406 
6192354999871403 
6192354999871408 
6192354999871409 
6192354999871407 
6192355000995054 
6192355000995055 
6192355000995053 
6192355000995057 
6192355000995058 
6192355000995056 
6192355000995060 
6192355000995061 
6192355000995059 
6192354999936858 
6192355001258468 
6192354999871458 
6192354999871459 
6192355000179260 
6192354999871457 
6192354999871461 
6192354999871462 
6192354999871460 
6192354999871464 
6192354999871465 
6192354999871466 
6192355000718251 
6192354999871463 
6192354999871468 
6192354999871469 
6192354999871470 
6192354999871467 
6192354999871472 
6192354999871471 
6192355000179257 
6192355000179258 
6192355000179259 
6192355000179256 
6192354999936864 
6192354999871476 
6192354999871477 
6192354999871478 
6192354999871475 
6192354999871481 
6192355000302378 
6192354999871479 
6192354999871483 
6192355000302374 
6192354999871482 
6192354999871490 
6192354999871491 
6192355000302383 
6192354999871489 
6192355000302376 
6192355000302377 
6192355000302375 
6192355000302380 
6192355000302381 
6192355000302382 
6192355000302379 
6192354999936859 
6192354999871496 
6192354999871497 
6192354999871495 
6192354999871499 
6192354999871500 
6192354999871498 
6192354999871502 
6192354999871503 
6192354999871501 
6192354999871505 
6192354999871506 
6192354999871504 
6192355000851864 
6192355000851863 
6192355000851867 
6192355000851868 
6192355000851869 
6192355000851866 
6192354999936860 
6192354999871516 
6192354999871517 
6192354999871515 
6192354999871519 
6192354999871518 
6192354999871521 
6192354999871520 
6192354999871523 
6192354999871524 
6192354999871522 
6192354999871527 
6192354999871528 
6192355001173175 
6192354999871526 
6192354999871530 
6192354999871531 
6192354999871532 
6192354999871529 
6192354999871534 
6192354999871533 
6192354999871536 
6192354999871537 
6192354999871535 
6192355001173177 
6192355001173176 
6192354999871539 
6192354999871540 
6192354999871538 
6192354999871542 
6192354999871543 
6192354999871541 
6192354999871545 
6192354999871546 
6192354999871544 
6192354999936865 
6192354999871914 
6192354999871915 
6192354999871913 
6192354999871917 
6192354999871918 
6192354999871919 
6192354999871916 
6192354999871921 
6192354999871922 
6192354999871920 
6192354999871924 
6192354999871925 
6192354999871923 
6192354999871927 
6192354999871928 
6192354999871929 
6192354999871926 
6192354999871931 
6192354999871932 
6192354999871930 
6192354999936867 
6192354999871934 
6192354999871935 
6192354999871936 
6192354999871933 
6192354999871938 
6192354999871939 
6192354999871937 
6192354999871942 
6192354999871941 
6192354999871943 
6192354999871940 
6192354999871945 
6192354999871946 
6192354999871944 
6192354999871948 
6192354999871949 
6192354999871947 
6192354999871951 
6192354999871952 
6192354999871950 
6192354999871954 
6192354999871955 
6192354999871953 
6192354999871957 
6192354999871958 
6192354999871956 
6192354999884851 
6192354999936868 
6192354999871960 
6192354999871961 
6192354999871962 
6192354999940153 
6192354999871959 
6192354999871964 
6192354999871965 
6192354999940154 
6192354999871963 
6192354999871967 
6192354999940155 
6192354999871966 
6192354999871969 
6192354999871970 
6192354999871968 
6192354999871975 
6192354999871974 
6192354999871972 
6192354999871973 
6192354999871971 
6192354999871977 
6192354999871978 
6192354999871976 
6192354999871980 
6192354999871981 
6192354999871979 
6192354999871983 
6192354999871984 
6192354999871982 
6192354999871986 
6192354999871987 
6192354999871985 
6192354999871989 
6192354999871990 
6192354999871991 
6192354999871988 
6192354999871993 
6192354999871994 
6192354999871992 
6192354999871996 
6192354999871997 
6192354999871995 
6192354999871999 
6192354999872000 
6192354999871998 
6192354999872002 
6192354999872001 
6192354999872004 
6192354999872005 
6192354999872006 
6192354999872003 
6192355000183655 
6192355000183656 
6192355000183657 
6192355000183654 
6192354999936863 
6192354999872008 
6192354999872009 
6192354999872010 
6192354999872007 
6192354999872012 
6192354999872011 
6192354999872014 
6192354999872015 
6192354999940167 
6192354999872013 
6192354999872017 
6192354999872018 
6192354999872019 
6192354999872016 
6192354999872021 
6192354999872022 
6192354999872020 
6192354999872024 
6192354999872023 
6192354999872026 
6192354999872027 
6192354999872025 
6192354999940169 
6192354999940170 
6192354999940168 
6192354999872029 
6192354999872030 
6192355000302352 
6192355000302353 
6192354999872028 
6192354999872032 
6192354999872033 
6192354999872031 
6192354999872035 
6192354999872036 
6192354999872037 
6192354999872034 
6192354999936861 
6192354999872039 
6192354999872040 
6192354999872041 
6192354999872038 
6192354999872043 
6192354999872042 
6192354999872045 
6192354999872046 
6192354999872047 
6192354999872044 
6192354999872049 
6192354999872050 
6192354999872048 
6192354999872052 
6192354999872053 
6192354999872051 
6192354999872055 
6192354999872056 
6192354999872057 
6192354999872054 
6192354999936869 
6192354999872079 
6192354999872080 
6192354999872078 
6192354999872082 
6192354999872083 
6192354999872081 
6192354999872085 
6192354999872086 
6192354999872084 
6192354999872088 
6192354999872089 
6192354999872087 
6192354999936862 
6192354999872091 
6192354999872092 
6192354999872093 
6192354999872090 
6192354999872095 
6192354999872094 
6192354999872097 
6192354999872098 
6192355000995051 
6192354999872096 
6192354999872100 
6192354999872101 
6192354999872099 
6192354999872103 
6192354999872104 
6192354999872102 
6192354999872106 
6192354999872107 
6192354999872105 
6192354999872112 
6192354999872113 
6192354999872111 
6192354999872109 
6192354999872110 
6192355001008857 
6192354999872108 
6192354999872115 
6192354999872114 
6192354999872117 
6192354999872118 
6192355001141181 
6192354999872116 
6192354999872120 
6192354999872121 
6192354999872119 
6192354999872123 
6192354999872124 
6192354999872122 
6192354999872126 
6192354999872127 
6192354999872125 
6192354999872129 
6192354999872130 
6192354999872128 
6192355001007852 
6192355001007853 
6192355001007851 
6192354999872135 
6192354999872136 
6192354999872134 
6192354999872138 
6192354999872139 
6192354999872137 
6192354999872141 
6192354999872142 
6192354999872140 
6192354999872144 
6192354999872143 
6192354999872146 
6192354999872147 
6192354999872145 
6192354999872151 
6192354999872149 
6192354999872150 
6192354999872152 
6192354999872148 
6192354999872154 
6192354999872155 
6192354999872153 
6192355001141183 
6192355001141184 
6192355001141182 
6192354999922852 
6192355000012651 
6192355000795253 
6192355000332951 
6192355000274051 
6192355000441151 
6192355000441153 
6192355000795254 
6192355000900153 
6192355000900152 
6192355000901751 
6192355000900151 
6192355000901752 
6192355000900155 
6192355000900154 
6192355000441154 
6192355000028238 
6192355000447054 
6192355001374209 
6192355001374210 
6192355001374211 
6192355001374212 
6192355001374213 
6192355001374214 
6192355001374215 
6192355001374216 
6192355001374217 
6192355001374218 
6192355001374219 
6192355001374220 
6192355001374221 
6192355001374222 
6192355001374223 
6192355001374224 
6192355001374225 
6192355001374226 
6192355001374227 
6192355001374228 
6192354999936866 
6192354999937852 
6192354999937877 
6192354999937851 
6192354999937870 
6192354999937869 
6192354999937872 
6192354999937873 
6192354999937871 
6192354999937875 
6192354999937876 
6192354999937874 
6192354999937854 
6192354999937857 
6192354999937853 
6192354999937859 
6192354999937864 
6192354999937858 
6192354999937861 
6192354999937868 
6192354999937860 
6192354999937863 
6192354999937862 
6192354999937866 
6192354999937867 
6192354999937865 
6192354999937856 
6192354999937878 
6192354999937855 
6192354999937880 
6192354999937881 
6192354999937879 
6192354999937883 
6192354999937884 
6192354999937882 
6192354999937886 
6192354999937892 
6192355000182465 
6192354999937885 
6192354999937888 
6192354999937889 
6192354999937887 
6192354999937891 
6192354999937890 
6192355000782252 
6192355000782253 
6192355000782254 
6192355000782251 
6192355000782256 
6192355000782262 
6192355000782255 
6192355000782258 
6192355000782263 
6192355000782264 
6192355000782257 
6192355000782260 
6192355000782261 
6192355000782265 
6192355000782259 
6192355000062551 
6192354999937894 
6192354999937897 
6192354999937893 
6192354999937899 
6192354999937900 
6192354999937898 
6192354999937902 
6192354999937903 
6192354999937901 
6192354999938079 
6192354999938080 
6192354999938078 
6192354999964352 
6192355001374229 
6192355001374230 
6192355001374231 
6192355000130054 
6192355000134951 
6192355000138553 
6192355000130055 
6192355000134952 
6192355000138552 
6192355000130057 
6192355000134954 
6192355000138554 
6192355000130058 
6192355000130060 
6192355000130061 
6192355000130062 
6192355000130063 
6192355000139651 
6192355000130064 
6192355000130065 
6192355000637473 
6192355000637474 
6192355000637475 
6192355000637472 
6192355000637477 
6192355000637478 
6192355000637479 
6192355000637476 
6192355000637481 
6192355000637482 
6192355000637480 
6192355000637484 
6192355000637485 
6192355000637486 
6192355000637483 
6192355000637488 
6192355000637489 
6192355000637490 
6192355000637487 
6192355000130066 
6192355000130067 
6192355000130068 
6192355000140751 
6192355000130070 
6192355000140752 
6192355000130071 
6192355000130072 
6192355000130073 
6192355000130074 
6192355000130059 
6192355000452182 
6192355001374232 
6192354999948852 
6192354999948855 
6192354999948858 
6192354999948851 
6192354999948854 
6192354999948865 
6192355000937872 
6192354999948853 
6192354999948857 
6192354999948864 
6192354999948856 
6192354999948862 
6192354999948863 
6192354999948861 
6192354999948867 
6192354999948868 
6192354999948866 
6192354999948870 
6192354999948871 
6192354999948872 
6192354999948869 
6192355000937874 
6192355000937875 
6192355001131752 
6192355000937873 
6192355000937877 
6192355000937878 
6192355000937876 
6192355001131754 
6192355001131755 
6192355001131756 
6192355001131753 
6192355001131758 
6192355001131757 
6192354999948876 
6192354999948877 
6192354999948878 
6192354999948875 
6192354999948880 
6192354999948883 
6192354999948879 
6192354999948882 
6192354999948884 
6192354999948881 
6192354999964357 
6192354999948897 
6192354999948898 
6192354999948896 
6192354999948900 
6192354999948901 
6192354999948899 
6192354999948903 
6192354999948904 
6192355000183651 
6192354999948902 
6192354999948906 
6192354999948907 
6192354999948905 
6192354999964351 
6192354999948909 
6192354999948910 
6192354999948911 
6192354999948908 
6192354999948913 
6192354999948916 
6192354999948923 
6192354999948912 
6192354999948915 
6192354999948920 
6192354999948921 
6192354999948922 
6192354999948914 
6192354999948918 
6192354999948919 
6192354999948917 
6192355000341754 
6192354999948925 
6192354999948926 
6192354999948927 
6192354999948924 
6192355000937864 
6192355000937865 
6192354999948928 
6192355000937855 
6192355000937856 
6192355000937854 
6192355000937858 
6192355000937859 
6192355000937857 
6192355000937862 
6192355000937863 
6192355000937861 
6192355000937868 
6192355000937867 
6192355000937866 
6192355000937870 
6192355000937871 
6192355000937869 
6192354999964358 
6192354999948936 
6192354999948950 
6192354999952151 
6192354999948935 
6192354999952153 
6192354999952154 
6192354999952152 
6192354999952156 
6192354999952157 
6192355001231851 
6192354999952155 
6192354999952161 
6192354999952162 
6192354999952160 
6192355000943163 
6192355000943167 
6192355000943162 
6192355000943165 
6192355000943166 
6192355000943168 
6192355000943164 
6192354999964354 
6192355000130056 
6192355000134953 
6192355000145551 
6192354999948938 
6192354999948941 
6192354999948937 
6192354999948940 
6192354999948942 
6192354999948943 
6192354999948939 
6192354999948945 
6192354999948949 
6192354999948944 
6192354999948947 
6192354999948948 
6192354999948946 
6192354999964353 
6192355000130069 
6192355000795258 
6192355000795257 
6192355000437890 
6192355000437891 
6192355000437892 
6192355000437889 
6192355000437894 
6192355000437895 
6192355000437893 
6192355000437897 
6192355000437898 
6192355000437899 
6192355000437896 
6192355000467251 
6192355000474951 
6192355000734073 
6192355000734074 
6192355000904480 
6192355000734072 
6192355000904482 
6192355000904483 
6192355000904486 
6192355000904481 
6192355000904485 
6192355000904490 
6192355000904484 
6192355000904488 
6192355000904489 
6192355000904487 
6192355000904492 
6192355000904493 
6192355000904494 
6192355000904491 
6192355000904496 
6192355000904497 
6192355000904495 
6192355000904499 
6192355000904500 
6192355000904498 
6192355000904502 
6192355000904503 
6192355000904504 
6192355000904501 
6192355000904506 
6192355000904507 
6192355000904508 
6192355000904505 
6192355001152653 
6192355001180769 
6192355001180773 
6192355001152652 
6192355001180771 
6192355001180772 
6192355001180770 
6192355000794358 
6192355001258352 
6192355000463051 
6192355001258459 
6192355000795268 
6192355000683451 
6192355001251352 
6192355001251353 
6192355001251354 
6192355001251351 
6192355001251356 
6192355001251357 
6192355001251358 
6192355001251355 
6192355001251360 
6192355001251361 
6192355001251359 
6192355001251363 
6192355001251364 
6192355001251362 
6192355001251366 
6192355001251367 
6192355001251365 
6192355001251369 
6192355001251370 
6192355001251368 
6192355001251372 
6192355001251373 
6192355001251371 
6192355001251375 
6192355001251376 
6192355001251374 
6192355001251378 
6192355001251379 
6192355001251377 
6192355001251381 
6192355001251382 
6192355001251383 
6192355001251380 
6192355001251385 
6192355001251386 
6192355001251387 
6192355001251384 
6192355001251389 
6192355001251390 
6192355001251388 
6192355001251392 
6192355001251393 
6192355001251391 
6192355001251395 
6192355001251396 
6192355001251394 
6192355001251398 
6192355001251399 
6192355001251397 
6192355001251401 
6192355001251402 
6192355001251403 
6192355001251404 
6192355001251400 
6192355001251406 
6192355001251405 
6192355001312968 
6192355001490274 
6192355001312967 
6192355001490271 
6192355001490275 
6192355001490270 
6192355001490273 
6192355001490276 
6192355001490279 
6192355001490272 
6192354999991351 
6192355000261451 
6192355001258458 
6192354999995490 
6192355000795256 
6192355000845852 
6192355000845853 
6192355000845851 
6192355000845855 
6192355000845856 
6192355000845857 
6192355000845854 
6192355000845859 
6192355000845858 
6192355000845861 
6192355000845862 
6192355000845860 
6192355000321252 
6192355000338851 
6192355001258469 
6192355000450351 
6192355001271557 
6192355001374464 
6192355000449759 
6192355001374233 
6192355000651868 
6192355000651869 
6192355000651867 
6192355000651871 
6192355000651872 
6192355000651873 
6192355000651870 
6192355000651875 
6192355000651876 
6192355000651877 
6192355000651874 
6192355000321251 
6192355000338852 
6192355001258455 
6192355001374454 
6192355000377751 
6192355000474551 
6192355000267051 
6192355001374234 
6192355000447051 
6192355001374151 
6192355001374152 
6192355001374153 
6192355001374154 
6192355001374156 
6192355001374155 
6192355001374158 
6192355001374157 
6192355001374159 
6192355001374160 
6192355001374161 
6192355000441152 
6192355000261452 
6192355001258454 
6192355000447055 
6192355001374455 
6192355000153099 
6192355000858303 
6192355000153098 
6192355000858305 
6192355000858311 
6192355000858304 
6192355000858307 
6192355000858308 
6192355000881351 
6192355000858306 
6192355000858313 
6192355000858316 
6192355000858312 
6192355000858315 
6192355000858321 
6192355000858314 
6192355000858318 
6192355000858319 
6192355000858320 
6192355000858317 
6192355000858323 
6192355000858324 
6192355000858322 
6192355000858326 
6192355000858327 
6192355000858325 
6192355000717277 
6192355000717278 
6192355000717279 
6192355000717276 
6192355000717281 
6192355000717291 
6192355000717280 
6192355000717283 
6192355000717284 
6192355000717282 
6192355000717286 
6192355000717287 
6192355000717285 
6192355000717289 
6192355000717290 
6192355000717288 
6192355000717293 
6192355000717294 
6192355000717292 
6192355000717296 
6192355000717297 
6192355000717295 
6192355001141177 
6192355001409253 
6192355001141176 
6192355001409255 
6192355001409254 
6192355001409257 
6192355001409261 
6192355001409256 
6192355001409260 
6192355001409262 
6192355001409267 
6192355001409259 
6192355001409264 
6192355001409263 
6192355001409266 
6192355001409265 
6192355001409269 
6192355001409277 
6192355001409268 
6192355001409271 
6192355001409275 
6192355001409276 
6192355001409270 
6192355001409273 
6192355001409274 
6192355001409272 
6192355000794357 
6192355001258465 
6192355000350852 
6192355001260051 
6192355001271558 
6192355001374162 
6192355001374163 
6192355001374164 
6192355001374165 
6192355001374166 
6192355001374167 
6192355001374168 
6192355001374169 
6192355001374170 
6192355001374171 
6192355001374172 
6192355001374173 
6192355001374174 
6192355001374175 
6192355001374176 
6192355001374177 
6192355001374178 
6192355000449754 
6192355000452154 
6192355000452155 
6192355000452156 
6192355000452171 
6192355000452157 
6192355000452158 
6192355000452172 
6192355000452173 
6192355000452174 
6192355000452160 
6192355000452161 
6192355000452162 
6192355000452163 
6192355000452175 
6192355000452164 
6192355000452165 
6192355000452166 
6192355000452176 
6192355000452177 
6192355000452167 
6192355000452168 
6192355000452169 
6192355000452178 
6192355000452170 
6192355000452179 
6192355000452180 
6192355000452159 
6192355000794360 
6192355001258460 
6192355001374460 
6192355000270656 
6192355000270657 
6192355000271151 
6192355000198353 
6192355000270659 
6192355000270660 
6192355000270661 
6192355000270658 
6192355000270663 
6192355000270664 
6192355000270665 
6192355000270662 
6192355000341751 
6192355000198352 
6192355000270651 
6192355000270652 
6192355000198351 
6192355000270654 
6192355000270655 
6192355000270683 
6192355000270653 
6192355000341753 
6192355000270673 
6192355000270674 
6192355000270672 
6192355000270676 
6192355000270675 
6192355000270678 
6192355000270679 
6192355000270677 
6192355000270681 
6192355000270682 
6192355000270680 
6192355000341752 
6192355000337951 
6192355000369251 
6192355000370851 
6192355000436952 
6192355000495251 
6192355000331352 
6192355000331353 
6192355000331351 
6192355000331355 
6192355000331356 
6192355000331357 
6192355000331354 
6192355000331359 
6192355000331360 
6192355000331358 
6192355000937852 
6192355000937853 
6192355000937851 
6192355000341755 
6192355000336351 
6192355000794354 
6192355000492651 
6192355000449758 
6192355000500152 
6192355000611951 
6192355000288051 
6192355000449751 
6192355000449752 
6192355000449753 
6192355001374235 
6192355000452181 
6192355000449755 
6192355000500151 
6192355000508758 
6192355000724479 
6192355000724482 
6192355000469967 
6192355000724484 
6192355000724485 
6192355000724483 
6192355000724487 
6192355000724493 
6192355000724486 
6192355000724491 
6192355000724492 
6192355000724490 
6192355000318551 
6192355001258462 
6192355000449756 
6192355001374179 
6192355000452183 
6192355000447053 
6192355000795262 
6192355000795263 
6192355000795264 
6192355000795265 
6192355000367377 
6192355000373651 
6192355000557351 
6192355001271551 
6192355000548151 
6192355000467252 
6192355000449757 
6192355001374180 
6192355000452184 
6192355000415853 
6192355000415854 
6192355000415852 
6192355000415856 
6192355000415857 
6192355000415855 
6192355000415859 
6192355000415860 
6192355000415858 
6192355000415851 
6192355000425354 
6192355000425355 
6192355000425353 
6192355000436052 
6192355000436053 
6192355000436051 
6192355000436055 
6192355000436056 
6192355000436054 
6192355000436058 
6192355000436059 
6192355000436060 
6192355000436057 
6192355000425352 
6192355000425397 
6192355000425398 
6192355000425399 
6192355000425400 
6192355000472251 
6192355000466956 
6192355000466957 
6192355000466367 
6192355000466368 
6192355000466369 
6192355000466370 
6192355000466366 
6192355000466372 
6192355000466373 
6192355000466374 
6192355000466375 
6192355000466371 
6192355000466377 
6192355000466378 
6192355000466379 
6192355000466376 
6192355000466381 
6192355000466382 
6192355000466383 
6192355000466380 
6192355000466385 
6192355000466386 
6192355000466387 
6192355000466384 
6192355000466389 
6192355000466390 
6192355000466391 
6192355000466388 
6192355000466393 
6192355000466394 
6192355000466392 
6192355000466396 
6192355000466397 
6192355000466395 
6192355000466399 
6192355000466400 
6192355000466401 
6192355000466398 
6192355000466403 
6192355000466404 
6192355000466402 
6192355000466955 
6192355000466406 
6192355000466407 
6192355000466408 
6192355000466405 
6192355000466410 
6192355000466411 
6192355000466409 
6192355000466413 
6192355000466414 
6192355000466412 
6192355000466416 
6192355000466417 
6192355000466415 
6192355000466419 
6192355000466418 
6192355000466421 
6192355000466422 
6192355000466423 
6192355000466420 
6192355000466425 
6192355000466426 
6192355000466427 
6192355000466424 
6192355000466429 
6192355000466430 
6192355000466431 
6192355000466428 
6192355000466433 
6192355000466434 
6192355000466432 
6192355000466436 
6192355000466437 
6192355000466435 
6192355000466439 
6192355000466440 
6192355000466441 
6192355000466438 
6192355000466443 
6192355000466444 
6192355000466445 
6192355000466442 
6192355000466447 
6192355000466448 
6192355000466446 
6192355000466450 
6192355000466451 
6192355000466452 
6192355000466449 
6192355000466454 
6192355000466455 
6192355000466456 
6192355000466453 
6192355000466458 
6192355000466459 
6192355000466457 
6192355000466461 
6192355000466462 
6192355000466463 
6192355000466460 
6192355000466954 
6192355000466958 
6192355000467051 
6192355001374461 
6192355000500208 
6192355000495252 
6192355000495292 
6192355000500209 
6192355000795259 
6192355000503651 
6192355000504653 
6192355000504654 
6192355000504655 
6192355000504652 
6192355000504657 
6192355000504656 
6192355000504659 
6192355000504660 
6192355000504658 
6192355000504662 
6192355000504661 
6192355000504664 
6192355000504663 
6192355000504666 
6192355000504667 
6192355000504668 
6192355000504665 
6192355000504670 
6192355000504671 
6192355000504669 
6192355000504673 
6192355000504674 
6192355000504672 
6192355000504676 
6192355000504677 
6192355000504675 
6192355000504679 
6192355000504678 
6192355000504681 
6192355000504682 
6192355000504680 
6192355000504684 
6192355000504683 
6192355000504689 
6192355000504690 
6192355000504688 
6192355000504686 
6192355000504687 
6192355000504685 
6192355000504692 
6192355000504693 
6192355000504691 
6192355000504695 
6192355000504696 
6192355000504694 
6192355000504698 
6192355000504699 
6192355000504697 
6192355000504701 
6192355000504702 
6192355000504700 
6192355000504704 
6192355000504705 
6192355000504706 
6192355000504703 
6192355000504708 
6192355000504709 
6192355000504707 
6192355000504711 
6192355000504712 
6192355000504713 
6192355000504710 
6192355000504715 
6192355000504716 
6192355000504714 
6192355000504718 
6192355000504719 
6192355000504720 
6192355000504717 
6192355000504722 
6192355000504723 
6192355000504721 
6192355000504725 
6192355000504726 
6192355000504727 
6192355000504724 
6192355000504729 
6192355000504730 
6192355000504731 
6192355000504728 
6192355000504733 
6192355000504734 
6192355000504732 
6192355000504736 
6192355000504737 
6192355000504735 
6192355000504739 
6192355000504740 
6192355000504738 
6192355000504742 
6192355000504741 
6192355000504744 
6192355000504745 
6192355000504746 
6192355000504743 
6192355000504748 
6192355000504749 
6192355000504750 
6192355000504747 
6192355000505152 
6192355000505151 
6192355000505154 
6192355000505155 
6192355000505156 
6192355000505153 
6192355000505158 
6192355000505159 
6192355000505157 
6192355000505161 
6192355000505162 
6192355000505160 
6192355000505164 
6192355000505165 
6192355000505163 
6192355000505167 
6192355000505168 
6192355000505166 
6192355000504651 
6192355000505551 
6192355000505629 
6192355000505607 
6192355000505628 
6192355000507251 
6192355000507252 
6192355000507265 
6192355000507278 
6192355001374181 
6192355001374182 
6192355001374183 
6192355001374184 
6192355001374185 
6192355000510351 
6192355000510352 
6192355000510353 
6192355000735963 
6192355000735964 
6192355000735965 
6192355000735962 
6192355000735967 
6192355000735968 
6192355000735969 
6192355000735966 
6192355000735974 
6192355000735975 
6192355000735976 
6192355000735973 
6192355000735971 
6192355000735972 
6192355000735970 
6192355000735978 
6192355000735979 
6192355000735980 
6192355000735977 
6192355000510354 
6192355001374186 
6192355000512251 
6192355000514751 
6192355000795266 
6192355000516151 
6192355000516152 
6192355000795267 
6192355000566351 
6192355000570451 
6192355000565851 
6192355001271555 
6192355001374466 
6192355000524851 
6192355000717312 
6192355000717321 
6192355000717311 
6192355000717314 
6192355000717334 
6192355000717313 
6192355000717325 
6192355000717330 
6192355000717324 
6192355000717327 
6192355000717331 
6192355000717326 
6192355000717329 
6192355000717328 
6192355000717333 
6192355000717340 
6192355000717332 
6192355000717336 
6192355000717337 
6192355000717335 
6192355000717339 
6192355000717341 
6192355000717338 
6192355000524852 
6192355000525351 
6192355000556451 
6192355000595370 
6192355000596551 
6192355000561451 
6192355000561452 
6192355000567351 
6192355000567352 
6192355000795260 
6192355001374236 
6192355001374237 
6192355001374238 
6192355001374239 
6192355000584172 
6192355000584182 
6192355000584171 
6192355000584174 
6192355000584183 
6192355000584173 
6192355000584176 
6192355000584177 
6192355000584184 
6192355000584175 
6192355000584179 
6192355000584189 
6192355000584178 
6192355000584181 
6192355000584188 
6192355000584180 
6192355000584186 
6192355000584187 
6192355000584185 
6192355000584191 
6192355000584192 
6192355000584190 
6192355000584194 
6192355000588254 
6192355000584193 
6192355000584196 
6192355000588255 
6192355000584195 
6192355000588253 
6192355000588264 
6192355000588252 
6192355000588257 
6192355000588258 
6192355000588256 
6192355000588262 
6192355000588263 
6192355000588261 
6192355000588266 
6192355000588267 
6192355000588265 
6192355000588269 
6192355000588275 
6192355000588268 
6192355000588271 
6192355000588270 
6192355000588273 
6192355000588274 
6192355000588272 
6192355000588279 
6192355000588280 
6192355000588276 
6192355000588282 
6192355000588281 
6192355000588284 
6192355000588283 
6192355000588286 
6192355000588287 
6192355000588285 
6192355000588289 
6192355000588290 
6192355000588288 
6192355000588292 
6192355000588293 
6192355000588291 
6192355000794355 
6192355000795255 
6192355001374240 
6192355000595351 
6192355000596552 
6192355000596553 
6192355000601557 
6192355001374187 
6192355001374188 
6192355000611952 
6192355000627551 
6192355000636051 
6192355000912952 
6192355000912951 
6192355000912958 
6192355000925684 
6192355000912957 
6192355000912960 
6192355000912959 
6192355000925688 
6192355000925692 
6192355000925687 
6192355000925690 
6192355000925693 
6192355000925689 
6192355000925695 
6192355000925696 
6192355000925694 
6192355000925698 
6192355000925699 
6192355000925697 
6192355000912954 
6192355000912953 
6192355000912962 
6192355000925700 
6192355000912961 
6192355000925702 
6192355000925703 
6192355000925701 
6192355000925705 
6192355000925706 
6192355000925704 
6192355000925708 
6192355000925709 
6192355000925707 
6192355000925711 
6192355000925712 
6192355000925710 
6192355000634451 
6192355000925652 
6192355000925653 
6192355000925651 
6192355000925655 
6192355000925656 
6192355000925657 
6192355000925654 
6192355000925659 
6192355000925660 
6192355000925658 
6192355000925663 
6192355000925674 
6192355000925662 
6192355000925665 
6192355000925666 
6192355000925664 
6192355000925668 
6192355000925669 
6192355000925667 
6192355000925671 
6192355000925682 
6192355000925670 
6192355000925673 
6192355000925672 
6192355000925676 
6192355000925675 
6192355000925678 
6192355000925679 
6192355000925677 
6192355000925681 
6192355000925683 
6192355000925680 
6192355001311552 
6192355001311555 
6192355001311551 
6192355001311554 
6192355001471151 
6192355001471152 
6192355001311553 
6192355000639951 
6192355001374189 
6192355001374190 
6192355000644351 
6192355000644352 
6192355000662952 
6192355001382351 
6192355001382354 
6192355000662951 
6192355000662954 
6192355000662955 
6192355001382361 
6192355000662953 
6192355000662957 
6192355001385985 
6192355000662956 
6192355001382357 
6192355001382356 
6192355001382363 
6192355001382368 
6192355001382362 
6192355001382365 
6192355001385997 
6192355001385998 
6192355001382364 
6192355000646251 
6192355000870151 
6192355000646252 
6192355001374465 
6192355000738651 
6192355000743251 
6192355000754051 
6192355000747051 
6192355001084351 
6192355001084353 
6192355001084354 
6192355001084355 
6192355001084356 
6192355001084352 
6192355000753566 
6192355000679754 
6192355000679755 
6192355000679756 
6192355000679753 
6192355000679758 
6192355000679759 
6192355000679757 
6192355000679761 
6192355000679762 
6192355000679760 
6192355000679764 
6192355000679765 
6192355000679763 
6192355000679767 
6192355000679768 
6192355000679769 
6192355000679766 
6192355000995082 
6192355000995083 
6192355000995081 
6192355000995085 
6192355000995089 
6192355000995084 
6192355000995087 
6192355000995088 
6192355000995086 
6192355000995091 
6192355000995092 
6192355000995090 
6192355000679751 
6192355000679752 
6192355000694151 
6192355000695551 
6192355000703651 
6192355000705751 
6192355000741151 
6192355000755051 
6192355000699051 
6192355000699150 
6192355000699082 
6192355000699149 
6192355000699113 
6192355000699148 
6192355000699951 
6192355000795261 
6192355000844826 
6192355000844827 
6192355000844825 
6192355000844833 
6192355001401481 
6192355000844832 
6192355000844835 
6192355000844836 
6192355000844834 
6192355000844838 
6192355000844837 
6192355000844840 
6192355000844843 
6192355000844839 
6192355000844842 
6192355001011855 
6192355000844841 
6192355000844845 
6192355000844844 
6192355000844847 
6192355000844846 
6192355001011852 
6192355001011856 
6192355001011851 
6192355001011854 
6192355001011853 
6192355001011860 
6192355001011861 
6192355001011862 
6192355001011859 
6192355000844829 
6192355000844849 
6192355000844828 
6192355000844831 
6192355001241478 
6192355000844830 
6192355001241477 
6192355001241485 
6192355001241476 
6192355001241480 
6192355001241481 
6192355001241479 
6192355001241483 
6192355001241484 
6192355001241482 
6192355001241487 
6192355001241488 
6192355001241486 
6192355001241490 
6192355001241491 
6192355001241492 
6192355001241489 
6192355000794359 
6192355001258456 
6192355000717299 
6192355000717300 
6192355000717298 
6192355000717302 
6192355000717303 
6192355000717304 
6192355000717301 
6192355000717306 
6192355000717307 
6192355000717305 
6192355000717309 
6192355000717310 
6192355000717308 
6192355000965852 
6192355000965853 
6192355000965851 
6192355000786351 
6192355001258351 
6192355000740151 
6192355000730852 
6192355000730853 
6192355000730851 
6192355000730855 
6192355000730856 
6192355000730854 
6192355000730858 
6192355000730859 
6192355000730857 
6192355000794356 
6192355001374191 
6192355001374192 
6192355001374193 
6192355001374194 
6192355001374195 
6192355001374196 
6192355000738251 
6192355000738652 
6192355000738663 
6192355000741152 
6192355000741162 
6192355000743252 
6192355000743253 
6192355000743452 
6192355000743453 
6192355000743454 
6192355000743451 
6192355000743456 
6192355000743457 
6192355000743455 
6192355000743459 
6192355000743458 
6192355000783954 
6192355000817751 
6192355000819251 
6192355000785351 
6192355000785353 
6192355000789751 
6192355001271553 
6192355000752051 
6192355000795252 
6192355000760451 
6192355000764351 
6192355000764352 
6192355000766251 
6192355001313851 
6192355000795270 
6192355000795269 
6192355000770451 
6192355000770470 
6192355001356251 
6192355000785352 
6192355000782296 
6192355000782299 
6192355000782295 
6192355000782298 
6192355000782302 
6192355000782303 
6192355000782297 
6192355000782301 
6192355000782306 
6192355000782307 
6192355000782300 
6192355000782305 
6192355000782308 
6192355000782309 
6192355000782304 
6192355000782311 
6192355000782312 
6192355000782310 
6192355000782314 
6192355000782315 
6192355000782316 
6192355000782313 
6192355000782320 
6192355000782321 
6192355000782322 
6192355000782319 
6192355000783953 
6192355000782269 
6192355000782270 
6192355000782271 
6192355000782268 
6192355000782273 
6192355000782274 
6192355000782272 
6192355000782276 
6192355000782277 
6192355000782278 
6192355000782275 
6192355000782280 
6192355000782284 
6192355000782279 
6192355000782282 
6192355000782283 
6192355000782281 
6192355000782286 
6192355000782287 
6192355000782285 
6192355000782289 
6192355000782292 
6192355000782288 
6192355000782291 
6192355000782293 
6192355000782294 
6192355000782290 
6192355000783952 
6192355000784653 
6192355000790251 
6192355000784654 
6192355000811654 
6192355000789752 
6192355000791551 
6192355001323851 
6192355001325851 
6192355000810351 
6192355000811651 
6192355000811655 
6192355000817752 
6192355000817779 
6192355000818951 
6192355000818952 
6192355000820851 
6192355000823251 
6192355001324951 
6192355000862551 
6192355000869351 
6192355000841354 
6192355000841357 
6192355000841353 
6192355000841356 
6192355000841362 
6192355000841365 
6192355000841355 
6192355000841359 
6192355000841358 
6192355000841364 
6192355000841369 
6192355000841363 
6192355000841367 
6192355000841368 
6192355000841366 
6192355000841371 
6192355000841370 
6192355000841374 
6192355000841372 
6192355000889851 
6192355000891173 
6192355000840584 
6192355000840585 
6192355000840583 
6192355000840587 
6192355000840590 
6192355000840586 
6192355000840589 
6192355000840591 
6192355000840588 
6192355000840593 
6192355000840594 
6192355000840592 
6192355000840596 
6192355000840597 
6192355000840595 
6192355000932651 
6192355000937051 
6192355001465053 
6192355001467457 
6192355001467466 
6192355001465052 
6192355001467459 
6192355001467460 
6192355001467458 
6192355001467462 
6192355001467464 
6192355001467465 
6192355001467461 
6192355001469553 
6192355001469552 
6192355001482359 
6192355001016551 
6192355001017052 
6192355001017051 
6192355001018151 
6192355001154755 
6192355001374459 
6192355000868651 
6192355001297751 
6192355000869152 
6192355000880499 
6192355000869151 
6192355000880469 
6192355000880470 
6192355000880468 
6192355000880472 
6192355000880481 
6192355000880471 
6192355000880474 
6192355000880489 
6192355000880490 
6192355000880473 
6192355000880476 
6192355000880475 
6192355000880480 
6192355000880484 
6192355000880479 
6192355000880483 
6192355000880488 
6192355000880482 
6192355000880486 
6192355000880487 
6192355000880485 
6192355000880492 
6192355000880493 
6192355000880491 
6192355000880497 
6192355000880498 
6192355000880496 
6192355000880501 
6192355000880500 
6192355000886972 
6192355001154754 
6192355001154751 
6192355000870851 
6192355000872352 
6192355000872358 
6192355001226003 
6192355000872351 
6192355000872354 
6192355000872353 
6192355000872356 
6192355000900301 
6192355001226007 
6192355000872355 
6192355000900252 
6192355000900251 
6192355001226005 
6192355001226006 
6192355001226004 
6192355000872360 
6192355001226002 
6192355000872359 
6192355000884966 
6192355001226000 
6192355000884962 
6192355000884965 
6192355001226001 
6192355000884964 
6192355000886458 
6192355000886459 
6192355000886457 
6192355001226351 
6192355000872751 
6192355000903951 
6192355000872753 
6192355000872752 
6192355000874852 
6192355000874853 
6192355000874854 
6192355000874851 
6192355000874856 
6192355000874857 
6192355000874855 
6192355000874859 
6192355000874860 
6192355000874861 
6192355000874858 
6192355000874863 
6192355000874864 
6192355000874862 
6192355000874866 
6192355000874867 
6192355000874868 
6192355000874865 
6192355000874871 
6192355000874872 
6192355000874870 
6192355000874874 
6192355000874875 
6192355000880502 
6192355000874873 
6192355000874877 
6192355000874878 
6192355000874876 
6192355000872755 
6192355000874888 
6192355000874889 
6192355000872754 
6192355000874891 
6192355000874892 
6192355000874890 
6192355000874894 
6192355000874897 
6192355000874893 
6192355000874896 
6192355000874898 
6192355000874895 
6192355000872757 
6192355000874900 
6192355000874903 
6192355000872756 
6192355000874902 
6192355000874912 
6192355000874901 
6192355000874905 
6192355000874910 
6192355000874904 
6192355000874907 
6192355000874911 
6192355000874906 
6192355000874909 
6192355000874913 
6192355000874914 
6192355000874908 
6192355000874916 
6192355000874917 
6192355000874915 
6192355000874919 
6192355000874925 
6192355000874918 
6192355000874923 
6192355000874924 
6192355000883252 
6192355000874922 
6192355000872759 
6192355000872758 
6192355000878552 
6192355000878553 
6192355000878554 
6192355000878551 
6192355000878556 
6192355000878555 
6192355000878558 
6192355000878559 
6192355000878557 
6192355000872761 
6192355000874928 
6192355000872760 
6192355000874927 
6192355000874931 
6192355000874926 
6192355000874930 
6192355000874929 
6192355000872763 
6192355000874932 
6192355000872762 
6192355000872792 
6192355000874933 
6192355000874934 
6192355000872791 
6192355000872767 
6192355000872768 
6192355000872769 
6192355000872766 
6192355000874155 
6192355000874156 
6192355000874154 
6192355000874158 
6192355000874162 
6192355000874163 
6192355000874157 
6192355000874161 
6192355000874164 
6192355000874160 
6192355000874166 
6192355000874167 
6192355000874168 
6192355000874165 
6192355000883251 
6192355001098253 
6192355000880508 
6192355000900287 
6192355000880507 
6192355000880510 
6192355000893851 
6192355000880509 
6192355000900285 
6192355000900286 
6192355000900284 
6192355000900291 
6192355000900292 
6192355000900290 
6192355000900299 
6192355000900298 
6192355000904654 
6192355000880512 
6192355000900253 
6192355000880511 
6192355000880514 
6192355000900254 
6192355000880513 
6192355000900256 
6192355000900257 
6192355000900255 
6192355000900259 
6192355000900261 
6192355000900264 
6192355000900258 
6192355000900263 
6192355000900265 
6192355001140953 
6192355000900262 
6192355000900267 
6192355000900268 
6192355000900266 
6192355000900270 
6192355000900269 
6192355000900272 
6192355000900275 
6192355000900271 
6192355000901451 
6192355000889874 
6192355000889875 
6192355000889873 
6192355000889877 
6192355000889878 
6192355000889876 
6192355000889880 
6192355000889881 
6192355000889879 
6192355000889883 
6192355000889884 
6192355000889882 
6192355000889886 
6192355000889885 
6192355000889888 
6192355000889889 
6192355000889887 
6192355000889891 
6192355000889892 
6192355000889890 
6192355000889894 
6192355000889893 
6192355000889852 
6192355000889895 
6192355000891175 
6192355000891174 
6192355000891177 
6192355000891176 
6192355000891179 
6192355000891180 
6192355000891178 
6192355000891182 
6192355000891183 
6192355000891181 
6192355000891185 
6192355000891186 
6192355000891184 
6192355000891188 
6192355000891189 
6192355000891187 
6192355000891191 
6192355000891192 
6192355000891193 
6192355000891190 
6192355000891195 
6192355000891194 
6192355000891151 
6192355000891172 
6192355000913952 
6192355000917833 
6192355000913951 
6192355000913954 
6192355000917834 
6192355000913953 
6192355000917836 
6192355000917835 
6192355000917838 
6192355000917842 
6192355000917837 
6192355000917840 
6192355000917841 
6192355000917839 
6192355001131782 
6192355001374458 
6192355000891654 
6192355000891655 
6192355000891653 
6192355001482166 
6192355001482167 
6192355001482165 
6192355001482169 
6192355001482173 
6192355001482168 
6192355001482171 
6192355001482170 
6192355000891651 
6192355000891652 
6192355000923760 
6192355000923761 
6192355000923762 
6192355000923759 
6192355000923764 
6192355000923765 
6192355000923766 
6192355000923763 
6192355000923768 
6192355000923767 
6192355000923770 
6192355000923771 
6192355000923769 
6192355000903952 
6192355000904651 
6192355001251152 
6192355001251151 
6192355000898552 
6192355000909364 
6192355000898551 
6192355000909366 
6192355000909382 
6192355000909365 
6192355000909368 
6192355000909371 
6192355000909367 
6192355000909370 
6192355000909369 
6192355000909373 
6192355000909374 
6192355000909379 
6192355000909372 
6192355000909377 
6192355000909380 
6192355000909375 
6192355000909384 
6192355000909385 
6192355000909386 
6192355000909383 
6192355000943193 
6192355000943197 
6192355000943192 
6192355000943195 
6192355000943196 
6192355000943194 
6192355001131783 
6192355001149552 
6192355001180756 
6192355001149551 
6192355001180753 
6192355001180754 
6192355001180755 
6192355001180752 
6192355001165653 
6192355000899460 
6192355000899459 
6192355000900303 
6192355000900302 
6192355000900305 
6192355000900304 
6192355000900307 
6192355000900306 
6192355000903052 
6192355000899752 
6192355000900308 
6192355000899751 
6192355000900310 
6192355000900313 
6192355000900309 
6192355000900312 
6192355000900314 
6192355000900311 
6192355001042916 
6192355001042917 
6192355001042918 
6192355001042915 
6192355000903053 
6192355001374197 
6192355001374198 
6192355000904652 
6192355001027052 
6192355000904653 
6192355001027053 
6192355000907366 
6192355000907367 
6192355000907365 
6192355000907369 
6192355000907370 
6192355000907368 
6192355000907372 
6192355000907373 
6192355000907374 
6192355000907371 
6192355000907376 
6192355000907377 
6192355000907375 
6192355000907379 
6192355000907380 
6192355000907381 
6192355000907378 
6192355000907383 
6192355000907384 
6192355000907382 
6192355000907386 
6192355000907387 
6192355000907385 
6192355000907351 
6192355001349351 
6192355000913590 
6192355000913591 
6192355000913589 
6192355000913593 
6192355000913594 
6192355000913592 
6192355000913596 
6192355000913597 
6192355000913598 
6192355000913595 
6192355000913600 
6192355000913601 
6192355000913599 
6192355000913588 
6192355000913960 
6192355000917773 
6192355000913959 
6192355000913962 
6192355000913961 
6192355000917775 
6192355000917774 
6192355000917777 
6192355000917778 
6192355000917776 
6192355000917780 
6192355000917779 
6192355000917789 
6192355000917790 
6192355000917788 
6192355000917786 
6192355000917787 
6192355000917785 
6192355000917792 
6192355000917793 
6192355000917791 
6192355001131780 
6192355000951152 
6192355000951151 
6192355000951154 
6192355000951155 
6192355000951153 
6192355000951157 
6192355000951158 
6192355000951156 
6192355000951160 
6192355000951159 
6192355000951162 
6192355000951163 
6192355000951161 
6192355000951165 
6192355000951164 
6192355000951167 
6192355000951168 
6192355000951166 
6192355000923751 
6192355001131781 
6192355000923752 
6192355000928157 
6192355000928151 
6192355000928156 
6192355000928155 
6192355000928161 
6192355000932557 
6192355000928160 
6192355000928184 
6192355000932551 
6192355000928183 
6192355000932553 
6192355000932556 
6192355000932552 
6192355000932555 
6192355000932558 
6192355000932554 
6192355000928180 
6192355000932562 
6192355000928179 
6192355000932560 
6192355000932561 
6192355000932559 
6192355000932564 
6192355000932565 
6192355000932563 
6192355000956351 
6192355001154756 
6192355001374241 
6192355000943958 
6192355000943959 
6192355000943960 
6192355000943957 
6192355000943962 
6192355000943963 
6192355000943964 
6192355000943961 
6192355000943973 
6192355000943974 
6192355000943975 
6192355000943972 
6192355000943977 
6192355000943976 
6192355000943979 
6192355000943980 
6192355000943978 
6192355000943982 
6192355000943983 
6192355000943984 
6192355000943981 
6192355000943986 
6192355000943987 
6192355000943985 
6192355000943989 
6192355000943988 
6192355000943991 
6192355000943992 
6192355000943990 
6192355000945552 
6192355000945551 
6192355000945554 
6192355000945553 
6192355000962051 
6192355000951170 
6192355000951171 
6192355000951169 
6192355000951173 
6192355000951174 
6192355000951172 
6192355000951176 
6192355000951175 
6192355000951178 
6192355000951179 
6192355000951177 
6192355000951181 
6192355000951182 
6192355000951180 
6192355000950151 
6192355000950157 
6192355001098293 
6192355001098291 
6192355001098294 
6192355001098292 
6192355001262552 
6192355000977552 
6192355000977564 
6192355000977551 
6192355000977554 
6192355000977562 
6192355000977553 
6192355000977566 
6192355000977567 
6192355000977565 
6192355000977577 
6192355000977578 
6192355000977576 
6192355000977580 
6192355000977579 
6192355000977582 
6192355000977589 
6192355000977592 
6192355000977581 
6192355000977588 
6192355000977587 
6192355000977591 
6192355000977593 
6192355000977590 
6192355000977595 
6192355000977596 
6192355000977594 
6192355000977599 
6192355000977600 
6192355000977601 
6192355000977598 
6192355000982151 
6192355001374242 
6192355001374243 
6192355001374244 
6192355001374245 
6192355000998551 
6192355001036651 
6192355001042951 
6192355001188551 
6192355001010152 
6192355001010151 
6192355001188552 
6192355001188553 
6192355001188554 
6192355001098276 
6192355001042952 
6192355001098275 
6192355001012252 
6192355001012251 
6192355001014951 
6192355001057151 
6192355001059953 
6192355001195653 
6192355001195652 
6192355001006351 
6192355001014451 
6192355001014484 
6192355001230251 
6192355001131784 
6192355001029551 
6192355001155351 
6192355001043351 
6192355001195658 
6192355001195657 
6192355001195656 
6192355001044351 
6192355001195655 
6192355001044370 
6192355001195654 
6192355001220051 
6192355001089267 
6192355001374246 
6192355001113051 
6192355001195666 
6192355001374456 
6192355001374457 
6192355001118151 
6192355001191451 
6192355001191452 
6192355001191453 
6192355001095251 
6192355001104551 
6192355001120663 
6192355001121052 
6192355001121053 
6192355001121051 
6192355001121055 
6192355001121056 
6192355001121054 
6192355001121058 
6192355001121059 
6192355001121057 
6192355001121061 
6192355001121062 
6192355001121060 
6192355001121064 
6192355001121065 
6192355001121063 
6192355001121067 
6192355001121068 
6192355001121066 
6192355001121070 
6192355001121069 
6192355001121072 
6192355001121073 
6192355001121071 
6192355001121075 
6192355001121076 
6192355001121074 
6192355001131851 
6192355001131852 
6192355001134075 
6192355001134074 
6192355001134754 
6192355001134762 
6192355001134763 
6192355001134753 
6192355001134756 
6192355001134757 
6192355001134758 
6192355001134755 
6192355001134760 
6192355001134761 
6192355001134764 
6192355001134759 
6192355001134073 
6192355001249951 
6192355001147252 
6192355001147251 
6192355001252753 
6192355001252752 
6192355001252751 
6192355001408152 
6192355001408156 
6192355001408151 
6192355001408154 
6192355001408155 
6192355001408153 
6192355001408158 
6192355001408159 
6192355001408157 
6192355001408161 
6192355001408160 
6192355001408163 
6192355001408164 
6192355001408162 
6192355001147254 
6192355001177251 
6192355001177252 
6192355001147253 
6192355001177258 
6192355001177259 
6192355001177257 
6192355001177254 
6192355001177255 
6192355001177256 
6192355001177253 
6192355001177261 
6192355001180761 
6192355001180762 
6192355001177260 
6192355001180758 
6192355001180759 
6192355001180760 
6192355001180757 
6192355001149056 
6192355001174661 
6192355001149055 
6192355001180766 
6192355001180764 
6192355001180765 
6192355001180763 
6192355001249152 
6192355001249153 
6192355001249151 
6192355001251553 
6192355001449353 
6192355001251552 
6192355001251555 
6192355001251556 
6192355001251554 
6192355001448152 
6192355001448153 
6192355001448151 
6192355001448155 
6192355001449351 
6192355001449352 
6192355001448154 
6192355001449355 
6192355001449356 
6192355001449354 
6192355001168451 
6192355001171251 
6192355001157552 
6192355001161452 
6192355001185169 
6192355001185170 
6192355001161451 
6192355001161457 
6192355001185194 
6192355001161453 
6192355001161459 
6192355001185198 
6192355001161458 
6192355001185172 
6192355001185193 
6192355001185171 
6192355001185174 
6192355001185224 
6192355001185225 
6192355001185173 
6192355001185176 
6192355001185181 
6192355001185185 
6192355001185175 
6192355001185178 
6192355001185206 
6192355001185177 
6192355001185180 
6192355001185204 
6192355001185205 
6192355001185179 
6192355001185183 
6192355001185184 
6192355001185188 
6192355001185182 
6192355001185190 
6192355001185209 
6192355001185189 
6192355001185192 
6192355001185223 
6192355001185191 
6192355001185196 
6192355001185197 
6192355001185203 
6192355001185195 
6192355001185200 
6192355001185201 
6192355001185202 
6192355001185199 
6192355001185208 
6192355001185228 
6192355001185207 
6192355001185211 
6192355001185212 
6192355001185215 
6192355001185210 
6192355001185214 
6192355001185216 
6192355001185213 
6192355001185218 
6192355001185219 
6192355001185220 
6192355001185217 
6192355001185222 
6192355001185226 
6192355001185227 
6192355001185221 
6192355001185230 
6192355001185229 
6192355001185232 
6192355001185233 
6192355001185231 
6192355001185235 
6192355001185236 
6192355001185237 
6192355001185234 
6192355001160051 
6192355001251153 
6192355001160052 
6192355001374467 
6192355001166252 
6192355001166254 
6192355001166251 
6192355001328252 
6192355001328251 
6192355001374247 
6192355001374248 
6192355001374199 
6192355001374250 
6192355001374249 
6192355001192251 
6192355001192252 
6192355001254453 
6192355001195251 
6192355001237961 
6192355001245251 
6192355001239351 
6192355001240383 
6192355001239551 
6192355001239552 
6192355001239573 
6192355001262551 
6192355001252353 
6192355001252352 
6192355001252354 
6192355001374451 
6192355001374452 
6192355001433293 
6192355001433551 
6192355001433572 
6192355001283451 
6192355001283452 
6192355001283453 
6192355001374200 
6192355001301451 
6192355001307751 
6192355001314351 
6192355001314352 
6192355001315051 
6192355001315053 
6192355001394051 
6192355001374462 
6192355001374463 
6192355001325454 
6192355001374201 
6192355001344352 
6192355001374453 
6192355001453053 
6192355001453055 
6192355001360254 
6192355001360255 
6192355001385551 
6192355001392870 
6192355001392871 
6192355001392872 
6192355001392873 
6192355001392874 
6192355001399751 
6192355001407851 
6192355001408951 
6192355001408952 
6192355001410951 
6192355001410952 
6192355001410953 
6192355001410954 
6192355001410955 
6192355001410956 
6192355001410957 
6192355001410958 
6192355001410959 
6192355001410960 
6192355001411151 
6192355001418451 
6192355001418452 
6192355001422951 
6192355001422952 
6192355001425552 
6192355001427151 
6192355001427651 
6192355001429854 
6192355001429858 
6192355001429859 
6192355001430851 
6192355001447451 
6192355001450951 
6192355001467054 
6192355001467451 
6192355001467053 
6192355001467453 
6192355001469551 
6192355001467452 
6192355001467455 
6192355001467456 
6192355001467467 
6192355001467454 
6192355001465351 
6192355001468351 
6192355001470666 
6192355001483817 
6192355001483818 
6192355001483819 
6192355001483820 
6192355001491151 
6192355001494154 
6192354999754290 
6192354999754291 
6192354999754292 
6192354999939974 
6192354999939975 
6192354999939976 
6192355001377897 
6192354999754065 
6192354999754066 
6192354999754067 
6192354999950067 
6192354999950068 
6192354999950069 
6192355001377753 
6192354999754281 
6192354999754282 
6192354999754283 
6192354999939993 
6192354999939994 
6192354999939995 
6192355001378001 
6192354999754272 
6192354999754273 
6192354999754274 
6192354999937666 
6192354999937667 
6192354999937668 
6192355001377817 
6192354999754071 
6192354999754072 
6192354999754073 
6192354999938369 
6192354999938370 
6192354999938371 
6192355001377754 
6192354999754089 
6192354999754090 
6192354999754091 
6192355000151852 
6192355000151853 
6192355001377778 
6192355001377779 
6192354999754124 
6192354999754125 
6192354999754126 
6192354999947624 
6192354999947625 
6192354999947626 
6192355001377898 
6192354999950051 
6192354999950052 
6192354999950053 
6192355001377892 
6192354999754092 
6192354999754093 
6192354999754094 
6192354999939984 
6192354999939985 
6192354999939986 
6192355001377795 
6192354999947560 
6192354999947561 
6192354999947562 
6192355001377966 
6192354999754109 
6192354999754110 
6192354999754111 
6192354999936895 
6192354999936896 
6192354999936897 
6192355001377780 
6192354999754056 
6192354999754057 
6192354999754058 
6192354999938360 
6192354999938361 
6192354999938362 
6192355001377755 
6192354999754133 
6192354999754134 
6192354999754135 
6192354999938363 
6192354999938364 
6192354999938365 
6192355001377899 
6192354999754266 
6192354999754268 
6192354999754270 
6192354999947581 
6192354999947582 
6192354999947583 
6192355001377818 
6192354999754077 
6192354999754078 
6192354999754079 
6192354999939965 
6192354999939966 
6192354999939967 
6192355001377756 
6192354999754053 
6192354999754054 
6192354999754055 
6192354999939962 
6192354999939963 
6192354999939964 
6192355001377900 
6192354999952061 
6192354999952062 
6192354999952063 
6192355001377967 
6192354999754101 
6192354999754102 
6192354999754103 
6192354999947554 
6192354999947555 
6192354999947556 
6192355001377796 
6192354999754142 
6192354999754143 
6192354999754144 
6192354999947636 
6192354999947637 
6192354999947638 
6192355001377781 
6192354999754068 
6192354999754069 
6192354999754070 
6192354999936886 
6192354999936887 
6192354999936888 
6192355001377757 
6192354999754130 
6192354999754131 
6192354999754132 
6192354999950060 
6192354999950061 
6192354999950062 
6192355001377901 
6192354999753851 
6192354999754107 
6192354999754108 
6192355001377782 
6192355001377783 
6192355001377784 
6192355001377785 
6192354999754260 
6192354999754261 
6192354999754262 
6192354999947566 
6192354999947567 
6192354999947568 
6192355001377819 
6192354999754267 
6192354999754269 
6192354999754271 
6192354999947584 
6192354999947585 
6192354999947586 
6192355001377820 
6192354999754059 
6192354999754060 
6192354999754061 
6192354999937669 
6192354999937670 
6192354999937671 
6192355001377758 
6192354999754275 
6192354999754276 
6192354999754277 
6192354999947642 
6192354999947643 
6192354999947644 
6192355001377930 
6192354999754127 
6192354999754128 
6192354999754129 
6192354999947605 
6192354999947606 
6192354999947607 
6192355001377902 
6192354999754254 
6192354999754255 
6192354999754256 
6192354999939987 
6192354999939988 
6192354999939989 
6192355001377903 
6192354999754083 
6192354999754084 
6192354999754085 
6192354999947572 
6192354999947573 
6192354999947574 
6192355001377786 
6192354999754287 
6192354999754288 
6192354999754289 
6192354999938366 
6192354999938367 
6192354999938368 
6192355001377904 
6192354999754145 
6192354999754146 
6192354999754147 
6192354999936898 
6192354999936899 
6192354999936900 
6192355001377906 
6192354999754257 
6192354999754258 
6192354999754259 
6192354999947599 
6192354999947600 
6192354999947601 
6192355001377905 
6192354999754095 
6192354999754096 
6192354999754097 
6192354999939978 
6192354999939979 
6192354999939980 
6192355001377797 
6192354999754086 
6192354999754087 
6192354999754088 
6192354999947627 
6192354999947628 
6192354999947629 
6192355001237952 
6192354999754115 
6192354999754116 
6192354999754117 
6192354999947578 
6192354999947579 
6192354999947580 
6192355001377950 
6192354999947621 
6192354999947622 
6192354999947623 
6192355001377957 
6192354999937657 
6192354999937658 
6192354999937659 
6192355001377798 
6192354999754148 
6192354999754149 
6192354999754150 
6192354999947633 
6192354999947634 
6192354999947635 
6192355001377907 
6192354999754121 
6192354999754122 
6192354999754123 
6192354999938357 
6192354999938358 
6192354999938359 
6192355001377908 
6192354999754112 
6192354999754113 
6192354999754114 
6192354999950064 
6192354999950065 
6192354999950066 
6192355001377787 
6192354999754062 
6192354999754063 
6192354999754064 
6192354999947614 
6192354999947615 
6192354999947616 
6192355001377759 
6192354999754278 
6192354999754279 
6192354999754280 
6192354999936751 
6192354999936871 
6192354999936874 
6192355000055951 
6192355001377750 
6192354999754098 
6192354999754099 
6192354999754100 
6192354999939981 
6192354999939982 
6192354999939983 
6192355001377799 
6192354999754251 
6192354999754252 
6192354999754253 
6192354999938354 
6192354999938355 
6192354999938356 
6192355001377909 
6192354999754284 
6192354999754285 
6192354999754286 
6192354999939990 
6192354999939991 
6192354999939992 
6192355001377821 
6192354999754080 
6192354999754081 
6192354999754082 
6192354999950070 
6192354999950071 
6192354999950072 
6192355001377760 
6192354999754136 
6192354999754137 
6192354999754138 
6192354999937654 
6192354999937655 
6192354999937656 
6192355001377910 
6192354999754074 
6192354999754075 
6192354999754076 
6192354999947639 
6192354999947640 
6192354999947641 
6192355001377761 
6192354999754139 
6192354999754140 
6192354999754141 
6192354999938351 
6192354999938352 
6192354999938353 
6192355001377911 
6192354999754263 
6192354999754264 
6192354999754265 
6192354999947596 
6192354999947597 
6192354999947598 
6192355001377822 
6192354999754118 
6192354999754119 
6192354999754120 
6192354999950054 
6192354999950055 
6192354999950056 
6192355001377931 
6192354999754104 
6192354999754105 
6192354999754106 
6192354999947602 
6192354999947603 
6192354999947604 
6192355001377800 
6192354999760851 
6192354999952060 
6192355000055957 
6192355000131573 
6192355001377825 
6192354999939951 
6192355000055952 
6192355000131551 
6192355001377826 
6192354999950063 
6192355000055956 
6192355000131570 
6192355001377827 
6192354999939953 
6192355000055954 
6192355000131568 
6192355001377824 
6192354999939952 
6192355000055953 
6192355000131552 
6192355001377828 
6192354999947620 
6192355000055955 
6192355000131569 
6192355001377829 
6192355001378164 
6192355001378165 
6192355001378166 
6192355001378167 
6192355001378168 
6192355001378169 
6192354999858651 
6192354999858652 
6192354999858653 
6192355000055972 
6192355000055973 
6192355000131571 
6192355000345551 
6192355001377866 
6192354999858657 
6192354999858658 
6192354999858659 
6192355000055959 
6192355000055975 
6192355000131572 
6192355000345552 
6192355001377867 
6192354999858654 
6192354999858655 
6192354999858656 
6192355000055958 
6192355000055974 
6192355000055976 
6192355000345553 
6192355001377868 
6192355001378002 
6192354999937651 
6192354999937652 
6192354999937653 
6192355001377823 
6192355001377977 
6192355001377978 
6192355001377979 
6192355001377980 
6192355001377981 
6192355001377982 
6192355001377983 
6192355001377984 
6192355001377985 
6192355001377986 
6192355001377988 
6192355001377987 
6192354999936889 
6192354999936890 
6192354999936891 
6192355001377801 
6192354999936892 
6192354999936893 
6192354999936894 
6192355001377802 
6192354999939968 
6192354999939969 
6192354999939970 
6192355001377803 
6192355000861273 
6192355000861274 
6192355001377842 
6192355000861281 
6192355000861282 
6192355000861283 
6192355001377830 
6192355000861290 
6192355000861291 
6192355000861292 
6192355001377848 
6192355000861299 
6192355000861300 
6192355000861301 
6192355001377836 
6192355000055960 
6192355000055977 
6192355000131559 
6192355000345555 
6192355001377843 
6192355000055961 
6192355000055978 
6192355000131556 
6192355000345556 
6192355001377831 
6192355000055962 
6192355000055979 
6192355000131557 
6192355000345557 
6192355001377849 
6192355000055963 
6192355000055980 
6192355000131558 
6192355000345558 
6192355001377837 
6192355000861284 
6192355000861285 
6192355000861286 
6192355001377832 
6192355000037651 
6192355000861293 
6192355000861295 
6192355000861294 
6192355001377850 
6192355000861302 
6192355000861303 
6192355000861304 
6192355001377838 
6192355000055964 
6192355000055981 
6192355000131560 
6192355000345559 
6192355001377844 
6192355000055965 
6192355000055982 
6192355000131561 
6192355000345560 
6192355001377833 
6192355000055966 
6192355000055983 
6192355000131562 
6192355000345561 
6192355001377851 
6192355000055967 
6192355000055984 
6192355000131563 
6192355000345562 
6192355001377839 
6192355000861278 
6192355000861279 
6192355000861280 
6192355001377845 
6192355000861287 
6192355000861289 
6192355000861288 
6192355001377834 
6192355000861296 
6192355000861297 
6192355000861298 
6192355001377852 
6192355000861305 
6192355000861306 
6192355000861307 
6192355001377840 
6192355000037652 
6192355000055968 
6192355000055985 
6192355000131564 
6192355000345563 
6192355001377846 
6192355000055969 
6192355000055986 
6192355000131565 
6192355000345564 
6192355001377835 
6192355000055970 
6192355000055987 
6192355000131566 
6192355000345565 
6192355001377853 
6192355000055971 
6192355000055988 
6192355000131567 
6192355000345566 
6192355001377841 
6192355000451551 
6192355000451552 
6192355000451553 
6192355000451554 
6192355001377869 
6192355000451555 
6192355000451556 
6192355000451557 
6192355001377870 
6192355000451558 
6192355000451559 
6192355000451560 
6192355001377871 
6192354999936872 
6192354999936884 
6192354999936885 
6192355001377762 
6192354999939954 
6192354999939955 
6192354999939956 
6192355001377763 
6192354999939971 
6192354999939972 
6192354999939973 
6192355001377764 
6192354999947551 
6192354999947552 
6192354999947553 
6192355001377765 
6192354999947569 
6192354999947570 
6192354999947571 
6192355001377766 
6192354999947593 
6192354999947594 
6192354999947595 
6192355001377767 
6192354999947590 
6192354999947591 
6192354999947592 
6192355001377768 
6192354999947608 
6192354999947609 
6192354999947610 
6192355001377769 
6192354999947611 
6192354999947612 
6192354999947613 
6192355001377770 
6192354999947630 
6192354999947631 
6192354999947632 
6192355001377771 
6192355000336084 
6192355000336085 
6192355000336086 
6192355001377772 
6192354999936882 
6192354999936883 
6192355000584076 
6192355001377912 
6192354999937660 
6192354999937661 
6192354999937662 
6192355001377913 
6192354999939960 
6192354999939961 
6192355000511851 
6192355001377914 
6192354999947557 
6192354999947558 
6192354999947559 
6192355001377915 
6192354999947575 
6192354999947576 
6192354999947577 
6192355001377916 
6192354999947617 
6192354999947618 
6192354999947619 
6192355001377917 
6192354999947645 
6192354999947646 
6192354999947647 
6192355001377918 
6192354999947648 
6192354999947649 
6192354999947650 
6192355001377919 
6192354999950057 
6192354999950058 
6192354999950059 
6192355001377920 
6192354999950073 
6192354999950074 
6192354999950075 
6192355001377921 
6192354999950076 
6192354999950077 
6192354999950078 
6192355001377922 
6192354999952051 
6192354999952052 
6192354999952053 
6192355001377923 
6192354999952057 
6192354999952058 
6192354999952059 
6192355001377893 
6192355000131553 
6192355000131554 
6192355000131555 
6192355001377872 
6192354999947563 
6192354999947564 
6192354999947565 
6192355001377873 
6192354999936877 
6192354999936878 
6192355001377751 
6192354999936879 
6192354999936880 
6192354999936881 
6192355001377752 
6192354999939996 
6192354999939997 
6192354999939998 
6192355001377894 
6192354999952054 
6192354999952055 
6192354999952056 
6192355001377895 
6192354999947587 
6192354999947588 
6192354999947589 
6192355001377968 
6192355001378003 
6192355001378004 
6192355001378005 
6192355001378006 
6192355001378170 
6192355001378171 
6192355001378172 
6192355001378173 
6192355001378007 
6192355001378008 
6192355001378009 
6192355001378010 
6192355001378011 
6192355001378012 
6192355001378013 
6192355001378014 
6192355001377989 
6192355001377990 
6192355001377991 
6192355001377992 
6192355001377993 
6192355001377994 
6192355001377995 
6192355001377996 
6192355001377998 
6192355001377997 
6192355001377999 
6192355001378000 
6192355000046151 
6192355000046152 
6192355000046153 
6192355001377896 
6192355001378015 
6192355001378016 
6192355001378017 
6192355001378018 
6192355001378019 
6192355001378020 
6192355001378021 
6192355001378022 
6192355001378023 
6192355001378024 
6192355001378025 
6192355001378026 
6192355001378027 
6192355001378028 
6192355001378029 
6192355000171751 
6192355000171753 
6192355000171752 
6192355001377932 
6192355001378030 
6192355001378031 
6192355001378032 
6192355001378033 
6192355001378034 
6192355001378035 
6192355001378036 
6192355001378037 
6192355001378038 
6192355001378039 
6192355001378040 
6192355001378041 
6192355001378042 
6192355001378043 
6192355001378056 
6192355001378057 
6192355001378058 
6192355001378059 
6192355001378044 
6192355001378045 
6192355001378046 
6192355001378047 
6192355001378048 
6192355001378049 
6192355001378050 
6192355001378051 
6192355001378052 
6192355001378053 
6192355001378054 
6192355001378055 
6192355000332651 
6192355000332652 
6192355000332653 
6192355001377773 
6192355000334060 
6192355000334061 
6192355001377955 
6192355001377956 
6192355000303851 
6192355000303852 
6192355000303853 
6192355001377958 
6192355001377951 
6192355001377952 
6192355001377953 
6192355001377954 
6192355000371151 
6192355000371152 
6192355000371153 
6192355001377959 
6192355000334057 
6192355000334058 
6192355000334059 
6192355001377788 
6192355000334055 
6192355000334054 
6192355000334056 
6192355001377924 
6192355000334051 
6192355000334052 
6192355000334053 
6192355001377925 
6192355001378060 
6192355001378061 
6192355001378062 
6192355001378063 
6192355001378064 
6192355001185756 
6192355001185758 
6192355001185757 
6192355001377933 
6192355000861262 
6192355000861263 
6192355000861264 
6192355000861265 
6192355001377854 
6192355000620551 
6192355001377855 
6192355001377856 
6192355001377857 
6192355000861266 
6192355000861267 
6192355000861268 
6192355001377858 
6192355000620552 
6192355001377859 
6192355001377860 
6192355001377861 
6192355000861269 
6192355000861270 
6192355000861271 
6192355001377865 
6192355000620553 
6192355001377862 
6192355001377863 
6192355001377864 
6192355000620451 
6192355000620452 
6192355001254454 
6192355001377969 
6192355001378065 
6192355001378066 
6192355001378067 
6192355001378068 
6192355001173251 
6192355001173253 
6192355001173254 
6192355001173252 
6192355000450352 
6192355000450353 
6192355000450354 
6192355001377934 
6192355000450355 
6192355000450356 
6192355000450357 
6192355001377970 
6192355001378069 
6192355000482251 
6192355000482252 
6192355001377874 
6192355001377875 
6192355001378070 
6192355001378071 
6192355001378072 
6192355001378073 
6192355001377876 
6192355001377877 
6192355001377878 
6192355001377879 
6192355000525552 
6192355000767251 
6192355000767252 
6192355001377774 
6192355000525551 
6192355000767267 
6192355000767268 
6192355001377775 
6192355001378074 
6192355001378075 
6192355001378076 
6192355001378077 
6192355001378078 
6192355001378080 
6192355001378079 
6192355001378081 
6192355001378082 
6192355000767253 
6192355000767254 
6192355000767255 
6192355001377776 
6192355001378083 
6192355001378084 
6192355001378085 
6192355001378086 
6192355001378087 
6192355000620453 
6192355000620454 
6192355001237951 
6192355001377971 
6192355000767256 
6192355000767258 
6192355000767257 
6192355001377926 
6192355001040752 
6192355001377935 
6192355001377936 
6192355001377937 
6192355001377938 
6192355001377939 
6192355001377940 
6192355001377941 
6192355001378088 
6192355001378089 
6192355001378090 
6192355001378091 
6192355001378092 
6192355000767261 
6192355000767262 
6192355000767263 
6192355001377927 
6192355000689351 
6192355000767259 
6192355000767260 
6192355001377777 
6192355000767264 
6192355000767265 
6192355000767266 
6192355001377928 
6192355001378093 
6192355001378094 
6192355001378095 
6192355001378096 
6192355001378097 
6192355001378098 
6192355001378100 
6192355001378099 
6192355001377804 
6192355001377805 
6192355001377806 
6192355001377807 
6192355001377942 
6192355001377944 
6192355001377943 
6192355001377945 
6192355001378472 
6192355001378473 
6192355001378474 
6192355001378475 
6192355001378476 
6192355001378477 
6192355001378478 
6192355001378479 
6192355001257351 
6192355001257352 
6192355001257353 
6192355001377972 
6192355001378101 
6192355001378102 
6192355001378103 
6192355001378104 
6192355001378105 
6192355001378106 
6192355001378107 
6192355001378108 
6192355001378109 
6192355001378110 
6192355001378111 
6192355001378112 
6192355001377973 
6192355001377974 
6192355001377975 
6192355001377976 
6192355001378113 
6192355001378115 
6192355001378114 
6192355001378116 
6192355001378117 
6192355001378118 
6192355001378122 
6192355001378121 
6192355001378119 
6192355001378120 
6192355000789551 
6192355000789552 
6192355000789553 
6192355001377960 
6192355001378123 
6192355001378124 
6192355001378125 
6192355001378126 
6192355001378127 
6192355001378128 
6192355001377946 
6192355001377947 
6192355001377948 
6192355001377949 
6192355001109757 
6192355001109758 
6192355001109759 
6192355001377962 
6192355001115751 
6192355001115752 
6192355001115753 
6192355001377963 
6192355001115754 
6192355001115756 
6192355001115755 
6192355001377964 
6192355001378129 
6192355001378130 
6192355001378131 
6192355001378132 
6192355001378133 
6192355001378134 
6192355001173255 
6192355001173256 
6192355001173257 
6192355001173258 
6192355001378135 
6192355001378136 
6192355001378137 
6192355001378138 
6192355001378139 
6192355001378140 
6192355001401151 
6192355001401152 
6192355001401153 
6192355001401154 
6192355001401159 
6192355001401160 
6192355001401161 
6192355001401162 
6192355001407860 
6192355001407861 
6192355001407862 
6192355001407863 
6192355001407864 
6192355001407865 
6192355001407866 
6192355001407867 
6192355001407868 
6192355001407869 
6192355001407870 
6192355001407871 
6192355001407872 
6192355001407873 
6192355001407874 
6192355001407875 
6192355001424151 
6192355001424152 
6192355001424153 
6192355001424154 
6192355001452817 
6192355001452818 
6192355001452819 
6192355001432852 
6192355001432853 
6192355001432854 
6192355001432855 
6192355001433851 
6192355001433852 
6192355001433853 
6192355001432856 
6192355001432857 
6192355001432858 
6192355001432859 
6192355001433854 
6192355001433855 
6192355001433856 
6192355001435251 
6192355001435252 
6192355001435253 
6192355001435254 
6192355001435368 
6192355001435369 
6192355001435370 
6192355001435255 
6192355001435256 
6192355001435257 
6192355001435258 
6192355001435371 
6192355001435372 
6192355001435373 
6192355001435259 
6192355001435260 
6192355001435261 
6192355001435262 
6192355001435374 
6192355001435396 
6192355001435397 
6192355001435263 
6192355001435264 
6192355001435265 
6192355001435266 
6192355001435375 
6192355001435394 
6192355001435395 
6192355001435267 
6192355001435268 
6192355001435269 
6192355001435270 
6192355001435376 
6192355001435392 
6192355001435393 
6192355001435271 
6192355001435272 
6192355001435273 
6192355001435274 
6192355001435377 
6192355001435390 
6192355001435391 
6192355001435275 
6192355001435276 
6192355001435277 
6192355001435278 
6192355001435378 
6192355001435388 
6192355001435389 
6192355001435279 
6192355001435280 
6192355001435281 
6192355001435282 
6192355001435379 
6192355001435386 
6192355001435387 
6192355001435283 
6192355001435284 
6192355001435285 
6192355001435286 
6192355001435380 
6192355001435384 
6192355001435385 
6192355001435287 
6192355001435288 
6192355001435289 
6192355001435290 
6192355001435381 
6192355001435382 
6192355001435383 
6192355001435291 
6192355001435292 
6192355001435293 
6192355001435294 
6192355001435335 
6192355001435336 
6192355001435337 
6192355001435295 
6192355001435296 
6192355001435297 
6192355001435298 
6192355001435365 
6192355001435366 
6192355001435367 
6192355001435299 
6192355001435300 
6192355001435301 
6192355001435302 
6192355001435362 
6192355001435363 
6192355001435364 
6192355001435303 
6192355001435304 
6192355001435305 
6192355001435306 
6192355001435338 
6192355001435339 
6192355001435340 
6192355001435307 
6192355001435308 
6192355001435309 
6192355001435310 
6192355001435341 
6192355001435342 
6192355001435343 
6192355001435311 
6192355001435312 
6192355001435313 
6192355001435314 
6192355001435344 
6192355001435345 
6192355001435346 
6192355001435315 
6192355001435316 
6192355001435318 
6192355001435317 
6192355001435347 
6192355001435348 
6192355001435349 
6192355001435319 
6192355001435320 
6192355001435321 
6192355001435322 
6192355001435350 
6192355001435351 
6192355001435352 
6192355001435324 
6192355001435323 
6192355001435325 
6192355001435326 
6192355001435353 
6192355001435354 
6192355001435355 
6192355001435327 
6192355001435328 
6192355001435329 
6192355001435330 
6192355001435356 
6192355001435357 
6192355001435358 
6192355001435332 
6192355001435331 
6192355001435333 
6192355001435334 
6192355001435359 
6192355001435360 
6192355001435361 
6192355001446551 
6192355001446552 
6192355001446553 
6192355001446554 
6192355001446555 
6192355001446556 
6192355001446557 
6192355001446558 
6192355001446559 
6192355001446560 
6192355001446561 
6192355001446562 
6192355001470662 
6192355001470663 
6192355001470664 
6192355001470665 
6192355001471351 
6192355001471353 
6192355001471354 
6192355001471352 
6192354999911253 
6192354999911254 
6192355001378480 
6192354999912451 
6192354999912452 
6192355001378481 
6192355001378482 
6192355000068158 
6192355001378483 
6192355001378484 
6192355000068159 
6192355000145951 
6192355001378485 
6192355001378486 
6192355000068162 
6192355001378487 
6192355001378488 
6192355000068161 
6192355001378489 
6192355001378490 
6192355000068152 
6192355001378491 
6192355001378492 
6192355000068160 
6192355001378493 
6192355001378494 
6192355000068163 
6192355001378495 
6192355001378496 
6192355000068166 
6192355001378497 
6192355001378498 
6192355000068151 
6192355001378499 
6192355001378500 
6192355000068153 
6192355001378501 
6192355001378502 
6192355000068155 
6192355001378503 
6192355001378504 
6192355000068156 
6192355001378505 
6192355001378506 
6192355000068165 
6192355001378507 
6192355001378508 
6192355000068157 
6192355001378509 
6192355001378510 
6192355000068751 
6192355001309351 
6192355001378511 
6192355001378512 
6192355001378513 
6192355001378514 
6192355001378515 
6192355000068164 
6192355000087152 
6192355001378516 
6192355001378517 
6192355000068154 
6192355001378518 
6192355001378519 
6192355000087151 
6192355000087153 
6192355001378520 
6192355001378623 
6192355001378624 
6192355001378625 
6192355001378626 
6192355001378627 
6192355001378628 
6192355001378629 
6192355001378699 
6192355001378700 
6192355001378701 
6192355001378702 
6192355001378727 
6192355001378728 
6192355001378729 
6192355001378787 
6192355001378788 
6192355001378789 
6192355001378953 
6192355001378952 
6192355001378954 
6192355001378955 
6192355001379007 
6192355001379008 
6192355001379009 
6192355001379010 
6192355001379011 
6192355001379030 
6192355001379031 
6192355001379032 
6192355001379033 
6192355001379034 
6192355001379041 
6192355001379042 
6192355001379043 
6192355001379044 
6192355001379045 
6192355001379046 
6192355001379047 
6192355001379048 
6192355001379058 
6192355001379059 
6192355001379060 
6192355001379061 
6192355001379073 
6192355001379074 
6192355001384851 
6192355001379075 
6192355001379207 
6192355001379208 
6192355001379210 
6192355001379211 
6192355001379212 
6192355001379213 
6192355001379214 
6192355001379215 
6192355001379216 
6192355001379217 
6192355001379218 
6192355001379219 
6192355001379220 
6192355001379221 
6192355001379209 
6192355001413851 
6192355001379222 
6192355001379223 
6192355001379232 
6192355001379233 
6192355001379234 
6192355001379235 
6192355001379224 
6192355001379225 
6192355001379226 
6192355001379227 
6192355001379228 
6192355001379229 
6192355001379230 
6192355001379231 
6192355001379236 
6192355001379237 
6192355001379239 
6192355001379238 
6192355001379240 
6192355001379241 
6192355001379242 
6192355001379243 
6192355001379250 
6192355001379251 
6192355001379252 
6192355001379253 
6192355001379254 
6192355001379255 
6192355001379256 
6192355001379257 
6192355001379258 
6192355001379259 
6192355001379260 
6192355001379261 
6192355001379280 
6192355001379281 
6192355001379282 
6192355001379283 
6192355001379293 
6192355001379294 
6192355001379295 
6192355001379296 
6192355001379297 
6192355001379298 
6192355001379284 
6192355001379286 
6192355001379285 
6192355001379287 
6192355001379288 
6192355001379289 
6192355001379290 
6192355001379291 
6192355001379292 
6192355001413251 
6192355001413252 
6192355001379302 
6192355001379312 
6192355001432755 
6192355001432851 
6192355001413854 
6192355001413855 
6192355001412351 
6192355001412352 
6192355001412353 
6192355001379343 
6192355001429851 
6192355001429852 
6192355001429853 
6192355001432752 
6192355001432754 
6192355001432753 
6192355001413852 
6192355001413853 
6192355001460351 
6192355001460352 
6192355001460353 
6192355001379079 
6192355001379080 
6192355001470651 
6192355001378143 
6192355001378141 
6192355001378142 
6192355001378144 
6192355001378145 
6192355001378146 
6192355001378148 
6192355001378150 
6192355001378147 
6192355001378149 
6192355001378151 
6192355001378177 
6192355001378152 
6192355001378153 
6192355001378154 
6192355001378178 
6192355001378155 
6192355001378179 
6192355001378156 
6192355001378157 
6192355001378158 
6192355001378180 
6192355001378159 
6192355001378160 
6192355001378181 
6192355001378161 
6192355001378182 
6192355001378162 
6192355001379374 
6192355001379375 
6192355001378399 
6192355001378400 
6192355000861275 
6192355000861276 
6192355000861277 
6192355001377847 
6192355001377884 
6192355001377885 
6192355001377886 
6192355001377887 
6192355001377880 
6192355001377881 
6192355001377882 
6192355001377883 
6192355001377888 
6192355001377889 
6192355001377891 
6192355001377890 
6192355001379376 
6192355001379377 
6192355001378406 
6192355001379378 
6192355001379379 
6192355001379380 
6192355001378163 
6192355001378410 
6192355000334151 
6192355000334152 
6192355000334153 
6192355001377929 
6192355000336081 
6192355000336082 
6192355000336083 
6192355001377808 
6192355000336078 
6192355000336079 
6192355000336080 
6192355001377811 
6192355000336072 
6192355000336073 
6192355000336074 
6192355001377812 
6192355000336075 
6192355000336076 
6192355000336077 
6192355001377809 
6192355000336069 
6192355000336070 
6192355000336071 
6192355001377810 
6192355001377813 
6192355001377814 
6192355001377815 
6192355001377816 
6192355000336051 
6192355000336052 
6192355000336053 
6192355001377792 
6192355000336054 
6192355000336055 
6192355000336056 
6192355000345567 
6192355001377789 
6192355000336057 
6192355000336058 
6192355000336059 
6192355000345568 
6192355001377791 
6192355000336060 
6192355000336061 
6192355000336062 
6192355000345569 
6192355001377790 
6192355000336063 
6192355000336064 
6192355000336065 
6192355000345570 
6192355001377793 
6192355000336066 
6192355000336067 
6192355000336068 
6192355000345571 
6192355001377794 
6192355001379381 
6192355001378420 
6192355001378421 
6192355001378422 
6192355001378423 
6192355001378430 
6192355001378431 
6192355001378432 
6192355001378433 
6192355001378434 
6192355001378435 
6192355001378436 
6192355001378437 
6192355001378438 
6192355001378439 
6192355001378440 
6192355001378441 
6192355001378442 
6192355001378444 
6192355001378445 
6192355001378443 
6192355001378446 
6192355001378450 
6192355001378451 
6192355001378453 
6192355001378452 
6192355001378455 
6192355001378454 
6192355001378460 
6192355001378462 
6192355001378456 
6192355001378459 
6192355001378457 
6192355001378458 
6192355001378463 
6192355001378464 
6192355001378465 
6192355001378461 
6192355001378466 
6192355001378467 
6192355001378468 
6192355001378469 
6192355001378470 
6192355001386351 
6192355001386352 
6192355001470659 
6192355001470661 
6192355001470660 
6192354999922851 
6192354999925751 
6192354999922853 
6192354999924752 
6192354999953051 
6192354999987251 
6192354999987252 
6192355000205551 
6192355000205552 
6192355000206352 
6192355000206351 
6192355000206353 
6192355000206354 
6192355000206355 
6192355000206356 
6192355000206357 
6192355000206358 
6192355000206359 
6192355000206360 
6192355000206361 
6192355000206362 
6192355000247451 
6192355000247453 
6192355000247454 
6192355000247452 
6192355000322351 
6192355000322352 
6192355000332654 
6192355000332851 
6192355000332852 
6192355000348981 
6192355000358459 
6192355000366351 
6192355000379451 
6192355000379452 
6192355000422651 
6192355000436951 
6192355000450358 
6192355000450359 
6192355000466951 
6192355000466952 
6192355000466953 
6192355000468433 
6192355000501051 
6192355000518051 
6192355000518052 
6192355000518053 
6192355000518054 
6192355000518055 
6192355000518056 
6192355000518057 
6192355000522676 
6192355000522677 
6192355000522678 
6192355000522679 
6192355000522680 
6192355000522681 
6192355000522682 
6192355000522683 
6192355000546057 
6192355000556884 
6192355000556891 
6192355000556892 
6192355000556893 
6192355000565051 
6192355000565052 
6192355000565053 
6192355000565054 
6192355000565055 
6192355000565056 
6192355000565057 
6192355000565058 
6192355000565059 
6192355000565060 
6192355000565062 
6192355000565061 
6192355000565063 
6192355000565064 
6192355000565065 
6192355000565066 
6192355000565067 
6192355000565068 
6192355000565069 
6192355000565070 
6192355000565071 
6192355000565072 
6192355000565073 
6192355000565074 
6192355000565075 
6192355000565076 
6192355000565078 
6192355000565079 
6192355000565077 
6192355000565080 
6192355000565081 
6192355000565082 
6192355000573451 
6192355000573452 
6192355000584051 
6192355000584052 
6192355000584054 
6192355000584055 
6192355000584053 
6192355000584056 
6192355000584057 
6192355000584058 
6192355000584059 
6192355000584060 
6192355000584061 
6192355000584062 
6192355000584063 
6192355000670251 
6192355000670252 
6192355000670253 
6192355000670255 
6192355000670256 
6192355000670254 
6192355000670257 
6192355000671351 
6192355000671352 
6192355000677670 
6192355000702451 
6192355000702452 
6192355000724251 
6192355000724252 
6192355000725051 
6192355000739778 
6192355000761061 
6192355000768951 
6192355000776059 
6192355000886973 
6192355000898751 
6192355000946551 
6192355000989351 
6192355000989751 
6192355000995151 
6192355000997866 
6192355000997867 
6192355000997868 
6192355000997876 
6192355001008858 
6192355001008859 
6192355001013158 
6192355001021751 
6192355001021752 
6192355001032051 
6192355001032052 
6192355001032053 
6192355001032054 
6192355001032055 
6192355001032056 
6192355001032057 
6192355001094263 
6192355001101751 
6192355001102151 
6192355001102156 
6192355001102157 
6192355001102158 
6192355001135251 
6192355001135266 
6192355001141180 
6192355001145651 
6192355001147255 
6192355001157053 
6192355001193267 
6192355001205051 
6192355001205052 
6192355001205053 
6192355001205054 
6192355001247151 
6192355001262554 
6192355001262555 
6192355001317951 
6192355001357851 
6192355001397665 
6192355001397666 
6192355001413254 
6192355001443651 
6192355001453051 
6192355001453052 
6192355001454651 
6192355001457951 
6192355000269851 
6192355000269852 
6192355001050251 
6192355001050252 
6192355000363951 
6192355000363952 
6192355000730451 
6192355000730453 
6192355000730454 
6192355000861251 
6192355000861253 
6192355000861254 
6192355000861255 
6192355000861256 
6192355000861257 
6192355000861258 
6192355000861252 
6192355000861260 
6192355000861261 
6192355000861259 
6192355001235151 
6192355001235152 
6192355001235153 
6192355001235154 
6192355001130651 
6192355001130652 
6192355000708351 
6192355000770251 
6192355000514151 
6192355000514152 
6192355000514154 
6192355000514153 
6192355000514155 
6192355000514156 
6192355000514157 
6192355000514158 
6192355000514159 
6192355000514160 
6192355000514162 
6192355000514163 
6192355000514161 
6192355000514164 
6192355000514165 
6192355000514166 
6192355000514167 
6192355000514168 
6192355000514169 
6192355000514170 
6192355000514171 
6192355000514172 
6192355000514173 
6192355000514174 
6192355000514175 
6192355000514176 
6192355000514177 
6192355000514178 
6192355000514179 
6192355000514180 
6192355000514182 
6192355000514183 
6192355000514184 
6192355000514185 
6192355000514186 
6192355000514187 
6192355000514188 
6192355000514189 
6192355000514190 
6192355000514181 
6192355000783951 
6192355000810153 
6192355000810154 
6192355000810155 
6192355000810156 
6192355000810157 
6192355000810158 
6192355000810159 
6192355000896655 
6192355000787651 
6192355000787652 
6192355000787653 
6192355000787655 
6192355000787657 
6192355000787656 
6192355000797852 
6192355001257466 
6192355001257467 
6192355001257468 
6192355001257469 
6192355001257470 
6192355001257471 
6192355001257472 
6192355001257473 
6192355001257474 
6192355001259051 
6192355001293051 
6192355001293052 
6192355001293053 
6192355001293054 
6192355001293055 
6192355001293056 
6192355001293057 
6192355001293058 
6192355001293059 
6192355001293060 
6192355001310051 
6192355001310052 
6192355001310053 
6192355001310054 
6192355001310055 
6192355001310056 
6192355001310057 
6192355001310058 
6192355001310059 
6192355001310060 
6192355001310061 
6192355001310062 
6192355001310063 
6192355001310064 
6192355001310065 
6192355001310066 
6192355001310067 
6192355001310068 
6192355001310069 
6192355001310070 
6192355001310071 
6192355001310072 
6192355001310073 
6192355001344351 
6192355001046051 
6192355001314251 
6192355001314252 
6192355001186451 
6192355001318051 
6192355001318052 
6192355001318053 
6192355001491152 
6192355001491153 
6192355001494163 
6192355001494164 
6192354999952452 
6192354999952453 
6192355000339751 
6192354999952451 
6192354999952455 
6192354999952458 
6192354999952454 
6192354999952457 
6192354999952459 
6192354999952456 
6192354999952461 
6192354999952462 
6192354999952463 
6192354999952460 
6192354999952467 
6192354999952471 
6192354999952466 
6192354999952469 
6192354999952470 
6192354999952468 
6192354999952473 
6192354999952481 
6192354999952472 
6192354999952483 
6192354999952484 
6192354999952482 
6192354999952486 
6192354999952487 
6192354999952485 
6192354999952475 
6192354999952476 
6192354999952477 
6192354999952474 
6192354999952479 
6192354999952480 
6192354999952478 
6192354999952491 
6192354999952492 
6192354999952490 
6192354999952494 
6192354999952495 
6192354999952498 
6192354999952493 
6192354999952500 
6192354999952502 
6192354999952499 
6192354999952504 
6192354999952506 
6192354999952503 
6192354999952508 
6192354999952509 
6192354999952507 
6192354999952511 
6192354999952512 
6192354999952510 
6192354999952952 
6192354999952953 
6192354999952951 
6192354999952955 
6192354999952959 
6192354999952954 
6192354999952957 
6192354999952958 
6192354999952956 
6192354999952961 
6192354999952962 
6192354999952963 
6192354999952960 
6192355000493176 
6192355000493189 
6192355000493190 
6192355000493175 
6192355000493192 
6192355000493195 
6192355000493191 
6192355000493194 
6192355000493196 
6192355000493197 
6192355000493193 
6192355000493199 
6192355000493200 
6192355000493201 
6192355000493198 
6192355000493178 
6192355000493202 
6192355000493203 
6192355000493177 
6192355000493205 
6192355000493208 
6192355000493204 
6192355000493207 
6192355000493209 
6192355000493206 
6192355000493211 
6192355000493214 
6192355000493215 
6192355000493210 
6192355000493213 
6192355000493216 
6192355000493212 
6192355000493180 
6192355000493232 
6192355000493179 
6192355000493234 
6192355000493235 
6192355000493233 
6192355000493237 
6192355000493241 
6192355000493236 
6192355000493239 
6192355000493240 
6192355000493238 
6192355000493243 
6192355000493244 
6192355000493242 
6192355000493182 
6192355000493217 
6192355000493181 
6192355000493219 
6192355000493223 
6192355000493218 
6192355000493221 
6192355000493222 
6192355000493220 
6192355000493225 
6192355000493226 
6192355000493227 
6192355000493228 
6192355000493224 
6192355000493230 
6192355000493231 
6192355000493229 
6192355000493184 
6192355000493245 
6192355000493183 
6192355000493247 
6192355000493248 
6192355000493246 
6192355000493250 
6192355000495156 
6192355000493249 
6192355000495152 
6192355000495157 
6192355000495151 
6192355000495154 
6192355000495155 
6192355000495153 
6192355000493186 
6192355000495159 
6192355000493185 
6192355000495161 
6192355000495162 
6192355000495163 
6192355000495160 
6192355000495165 
6192355000495166 
6192355000495164 
6192355000495168 
6192355000495171 
6192355000495167 
6192355000495170 
6192355000495172 
6192355000495169 
6192355000493188 
6192355000495173 
6192355000493187 
6192355000495175 
6192355000495176 
6192355000495174 
6192355000495178 
6192355000495179 
6192355000495177 
6192355000495181 
6192355000495185 
6192355000495189 
6192355000495180 
6192355000495183 
6192355000495184 
6192355000495182 
6192355000495187 
6192355000495188 
6192355000495186 
6192355000495191 
6192355000495192 
6192355000495193 
6192355000495190 
6192355001078452 
6192355001078453 
6192355001078451 
6192355001078455 
6192355001078456 
6192355001078457 
6192355001078454 
6192355001078463 
6192355001078464 
6192355001078462 
6192355001078459 
6192355001078460 
6192355001078461 
6192355001078458 
6192355001078466 
6192355001078467 
6192355001078465 
6192355001078469 
6192355001078470 
6192355001078468 
6192355001078472 
6192355001078473 
6192355001078474 
6192355001078471 
6192355001078476 
6192355001078477 
6192355001078478 
6192355001078475 
6192355001078480 
6192355001078481 
6192355001078479 
6192355001078483 
6192355001078484 
6192355001078482 
6192355001078486 
6192355001078487 
6192355001078485 
6192355001078489 
6192355001078490 
6192355001078488 
6192355001078492 
6192355001078493 
6192355001078491 
6192355001078495 
6192355001078496 
6192355001078497 
6192355001078494 
6192355001078499 
6192355001078500 
6192355001078498 
6192355001078502 
6192355001078503 
6192355001078504 
6192355001078501 
6192355001078506 
6192355001078507 
6192355001078505 
6192355001078509 
6192355001078510 
6192355001078508 
6192355001078512 
6192355001078513 
6192355001078511 
6192355001207652 
6192355001254736 
6192355001254737 
6192355001254735 
6192355001254739 
6192355001254740 
6192355001254738 
6192355001254742 
6192355001254743 
6192355001254741 
6192355001254745 
6192355001254746 
6192355001254744 
6192355001254748 
6192355001254749 
6192355001254747 
6192355001255551 
6192355001255552 
6192355001254750 
6192355001255554 
6192355001255555 
6192355001255553 
6192355001255557 
6192355001255558 
6192355001255556 
6192355001255560 
6192355001255561 
6192355001255559 
6192355001255563 
6192355001255564 
6192355001255562 
6192355001255566 
6192355001255567 
6192355001255565 
6192355001255569 
6192355001255570 
6192355001255568 
6192355001255572 
6192355001255573 
6192355001255571 
6192355001255752 
6192355001255753 
6192355001255751 
6192355001255755 
6192355001255756 
6192355001255754 
6192355001255758 
6192355001255759 
6192355001255757 
6192355001255761 
6192355001255762 
6192355001255760 
6192355001255764 
6192355001255765 
6192355001255763 
6192355001255767 
6192355001255766 
6192355001255769 
6192355001255770 
6192355001255768 
6192355001255772 
6192355001255773 
6192355001255774 
6192355001255771 
6192355001255794 
6192355001255795 
6192355001255796 
6192355001255793 
6192355001255798 
6192355001255799 
6192355001255797 
6192355001255801 
6192355001255802 
6192355001255800 
6192355001255804 
6192355001255805 
6192355001255806 
6192355001255803 
6192355001255808 
6192355001255809 
6192355001255810 
6192355001255807 
6192355001255574 
6192355001315852 
6192355001315851 
6192355001315854 
6192355001315853 
6192355001315856 
6192355001315855 
6192355001315858 
6192355001315857 
6192355001315860 
6192355001315859 
6192355001315862 
6192355001315861 
6192355001315864 
6192355001315863 
6192355001315866 
6192355001315865 
6192355001315868 
6192355001315867 
6192355001315870 
6192355001315869 
6192355001315872 
6192355001315871 
6192355001315874 
6192355001315873 
6192355001315876 
6192355001315875 
6192355001315878 
6192355001315877 
6192355001315880 
6192355001315879 
6192355001315882 
6192355001315881 
6192355001315884 
6192355001315883 
6192355001315886 
6192355001315885 
6192355001315888 
6192355001315887 
6192355001315890 
6192355001315889 
6192355001315892 
6192355001315891 
6192355001386038 
6192355001388984 
6192355001386037 
6192355001386040 
6192355001388981 
6192355001386039 
6192355001386042 
6192355001386043 
6192355001388988 
6192355001386041 
6192355001386050 
6192355001388989 
6192355001386049 
6192355001388983 
6192355001388982 
6192355001388986 
6192355001388987 
6192355001388985 
6192355001388566 
6192355001388995 
6192355001388565 
6192355001388569 
6192355001388990 
6192355001388568 
6192355001388571 
6192355001388999 
6192355001389000 
6192355001388570 
6192355001388578 
6192355001388996 
6192355001388577 
6192355001388992 
6192355001388993 
6192355001388994 
6192355001388991 
6192355001388998 
6192355001389001 
6192355001389002 
6192355001388997 
6192355001389004 
6192355001389005 
6192355001389003 
6192355001388608 
6192355001388609 
6192355001388607 
6192355001388611 
6192355001388975 
6192355001388610 
6192355001388613 
6192355001388614 
6192355001388612 
6192355001388616 
6192355001388980 
6192355001388976 
6192355001388615 
6192355001388618 
6192355001388977 
6192355001388978 
6192355001388617 
6192355001388620 
6192355001388979 
6192355001388619 
6192355001388352 
6192355001388353 
6192355001388354 
6192355001388351 
6192355001388359 
6192355001388363 
6192355001388355 
6192355001388365 
6192355001388366 
6192355001388364 
6192355001388369 
6192355001388370 
6192355001388371 
6192355001388368 
6192355001388373 
6192355001388374 
6192355001388372 
6192355001388376 
6192355001388377 
6192355001388375 
6192355001388381 
6192355001388382 
6192355001388380 
6192355001388387 
6192355001388388 
6192355001388386 
6192355001388390 
6192355001388391 
6192355001388389 
6192355001397152 
6192355001397153 
6192355001397151 
6192355001397155 
6192355001397156 
6192355001397154 
6192355001397158 
6192355001397159 
6192355001397157 
6192355001397161 
6192355001397162 
6192355001397160 
6192355001397164 
6192355001397165 
6192355001397163 
6192355001397167 
6192355001397168 
6192355001397169 
6192355001397166 
6192355001397171 
6192355001397172 
6192355001397170 
6192355001397174 
6192355001397175 
6192355001397173 
6192355001397177 
6192355001397176 
6192355001397179 
6192355001397180 
6192355001397181 
6192355001397178 
6192354999922551 
6192355000032451 
6192355000032452 
