6192354999872951 
6192354999872952 
6192354999872953 
6192354999872954 
6192354999872955 
6192354999872956 
6192354999872957 
6192354999872958 
6192354999872959 
6192354999872960 
6192354999872961 
6192354999872962 
6192354999872963 
6192354999872964 
6192354999872965 
6192354999872966 
6192354999872967 
6192354999872968 
6192354999872969 
6192354999872970 
6192354999872971 
6192354999872972 
6192354999872973 
6192354999872974 
6192354999872975 
6192354999872976 
6192354999872977 
6192354999872978 
6192354999872979 
6192354999872980 
6192354999872981 
6192354999872982 
6192354999872983 
6192354999872984 
6192354999872985 
6192354999872986 
6192354999872987 
6192354999872988 
6192354999872989 
6192354999872990 
6192354999872991 
6192354999872992 
6192354999872993 
6192354999872994 
6192354999872995 
6192354999872996 
6192354999872997 
6192354999872998 
6192354999872999 
6192354999873000 
6192354999873001 
6192354999873002 
6192354999873003 
6192354999873004 
6192354999873005 
6192354999873006 
6192354999873007 
6192354999873008 
6192354999873009 
6192354999873010 
6192354999873011 
6192354999873012 
6192354999873013 
6192354999873014 
6192354999873015 
6192354999873016 
6192354999873017 
6192354999873018 
6192354999873019 
6192354999873020 
6192354999873021 
6192354999873022 
6192354999873023 
6192354999873024 
6192354999873025 
6192354999873026 
6192354999873027 
6192354999873028 
6192354999873029 
6192354999873030 
6192354999873031 
6192354999873032 
6192354999873033 
6192354999873034 
6192354999873035 
6192354999873036 
6192354999873037 
6192354999873038 
6192354999873039 
6192354999873040 
6192354999873041 
6192354999873042 
6192354999873043 
6192354999873044 
6192354999873045 
6192354999873046 
6192354999873047 
6192354999873048 
6192354999873049 
6192354999873050 
6192354999873051 
6192354999873052 
6192354999873053 
6192354999873054 
6192354999873055 
6192354999873056 
6192354999873057 
6192354999873058 
6192354999873059 
6192354999873060 
6192354999873061 
6192354999873062 
6192354999873063 
6192354999873064 
6192354999873065 
6192354999873066 
6192355000113151 
6192355000307651 
6192355000307652 
6192355000307653 
6192355000352352 
6192355000352353 
6192355000352354 
6192355000352355 
6192355000352356 
6192355000352358 
6192355000352359 
6192355000352360 
6192355000352361 
6192355000381351 
6192355000381352 
6192355000381355 
6192355000386851 
6192355000452151 
6192355000452152 
6192355000452153 
6192355000718252 
6192355000718253 
6192355000718254 
6192355000724253 
6192355000724254 
6192355000724255 
6192355000724256 
6192355000724257 
6192355000724258 
6192355000724259 
6192355000724260 
6192355000724261 
6192355000724262 
6192355000724263 
6192354999916353 
6192354999916354 
6192354999916355 
6192354999916356 
6192354999916357 
6192354999916358 
6192354999916359 
6192354999916360 
6192354999916361 
6192354999916362 
6192354999916363 
6192354999916364 
6192354999916365 
6192354999916366 
6192354999916367 
6192354999916368 
6192354999916369 
6192354999916370 
6192354999921251 
6192354999921252 
6192354999921253 
6192354999921254 
6192354999921255 
6192354999921256 
6192354999921257 
6192354999921258 
6192354999921259 
6192354999921260 
6192354999923051 
6192354999923052 
6192354999923053 
6192354999923055 
6192354999923056 
6192354999923057 
6192354999923058 
6192354999923059 
6192354999923060 
6192354999923061 
6192354999923062 
6192354999923063 
6192354999923064 
6192354999923065 
6192354999923066 
6192354999923067 
6192354999923068 
6192354999923069 
6192355000000351 
6192355000000352 
6192355000000353 
6192355000000354 
6192355000000355 
6192355000000356 
6192355000000357 
6192355000000358 
6192355000000359 
6192355000000360 
6192355000000361 
6192355000000362 
6192355000000363 
6192355000017451 
6192355000017452 
6192355000017453 
6192355000017454 
6192355000017455 
6192355000017456 
6192355000017460 
6192355000017461 
6192355000017462 
6192355000017463 
6192355000017464 
6192355000017465 
6192355000017466 
6192355000017467 
6192355000017468 
6192355000017469 
6192355000017470 
6192355000017471 
6192355000017472 
6192355000020251 
6192355000020252 
6192355000020254 
6192355000020255 
6192355000020256 
6192355000020257 
6192355000020258 
6192355000020259 
6192355000020260 
6192355000025551 
6192355000025552 
6192355000025553 
6192355000025554 
6192355000025555 
6192355000025556 
6192355000025557 
6192355000025558 
6192355000025559 
6192355000110651 
6192355000153351 
6192355000153352 
6192355000153353 
6192355000153354 
6192355000153355 
6192355000153356 
6192355000153357 
6192355000153358 
6192355000153359 
6192355000234551 
6192355000290451 
6192355000290452 
6192355000290453 
6192355000290454 
6192355000290455 
6192355000290456 
6192355000290457 
6192355000290458 
6192355000290459 
6192355000290460 
6192355000290461 
6192355000290462 
6192355000290463 
6192355000290464 
6192355000290465 
6192355000290466 
6192355000290467 
6192355000290468 
6192355000290469 
6192355000352351 
6192355000356960 
6192355000356961 
6192355000356962 
6192355000372151 
6192355000372152 
6192355000372153 
6192355000372154 
6192355000377551 
6192355000377552 
6192355000377553 
6192355000381353 
6192355000381354 
6192355000481870 
6192355000481871 
6192355000481872 
6192355000597851 
6192355000601551 
6192355000601552 
6192355000601553 
6192355000601554 
6192355000601555 
6192355000601556 
6192355000671353 
6192355000671354 
6192355000671355 
6192355000671356 
6192355000671357 
6192355000671358 
6192355000671359 
6192355000671360 
6192355000671361 
6192355000671362 
6192355000738051 
6192355000738052 
6192355000738053 
6192355000738054 
6192355000738055 
6192355000738056 
6192355000739757 
6192355000739758 
6192355000739759 
6192355000739760 
6192355000739761 
6192355000739762 
6192355000739763 
6192355000739764 
6192355000739765 
6192355000739766 
6192355000739767 
6192355000739768 
6192355000739769 
6192355000739770 
6192355000739771 
6192355000739772 
6192355000739773 
6192355000739774 
6192355000739775 
6192355000739776 
6192355000739777 
6192354999931951 
6192354999931952 
6192354999931953 
6192355000113152 
6192354999974351 
6192354999974352 
6192354999974353 
6192354999974354 
6192354999974355 
6192354999974356 
6192354999974357 
6192354999974358 
6192354999974359 
6192354999974360 
6192354999974361 
6192354999974362 
6192354999974363 
6192354999974364 
6192354999974365 
6192354999974366 
6192354999974367 
6192354999974368 
6192354999974369 
6192354999987051 
6192354999987052 
6192354999987053 
6192354999987054 
6192354999987055 
6192354999987056 
6192354999987057 
6192354999987058 
6192354999987059 
6192354999987060 
6192354999987061 
6192354999987062 
6192354999987065 
6192354999987066 
6192354999987067 
6192354999987068 
6192354999987069 
6192355000113153 
6192355000290470 
6192355000290471 
6192355000290472 
6192355000317751 
6192355000317752 
6192355000317753 
6192355000356951 
6192355000356952 
6192355000356953 
6192355000356954 
6192355000356955 
6192355000356956 
6192355000356957 
6192355000356958 
6192355000356959 
6192355000356963 
6192355000356964 
6192355000356965 
6192355000356966 
6192355000356967 
6192355000356968 
6192355000361451 
6192355000361452 
6192355000361453 
6192355000361454 
6192355000361455 
6192355000361456 
6192355000361457 
6192355000361458 
6192355000361459 
6192355000361460 
6192355000361461 
6192355000361462 
6192355000361463 
6192355000361464 
6192355000361465 
6192355000361466 
6192355000361467 
6192355000361468 
6192355000361469 
6192355000361470 
6192355000361471 
6192355000361472 
6192355000361473 
6192355000361474 
6192355000361475 
6192355000361476 
6192355000361477 
6192355000361478 
6192355000361479 
6192355000361480 
6192355000361481 
6192355000361482 
6192355000367378 
6192355000367379 
6192355000367380 
6192355000377554 
6192355000377555 
6192355000377556 
6192355000377557 
6192355000377558 
6192355000377559 
6192355000465360 
6192355000465361 
6192355000465362 
6192355000465551 
6192355000465552 
6192355000465553 
6192355000465554 
6192355000465555 
6192355000465556 
6192355000465557 
6192355000465558 
6192355000465559 
6192355000465560 
6192355000465561 
6192355000465562 
6192355000465563 
6192355000465564 
6192355000465565 
6192355000465566 
6192355000465567 
6192355000465568 
6192355000465569 
6192355000465570 
6192355000465571 
6192355000465572 
6192355000465573 
6192355000465574 
6192355000465575 
6192355000465576 
6192355000465577 
6192355000465578 
6192355000465579 
6192355000465580 
6192355000465581 
6192355000465582 
6192355000465583 
6192355000465584 
6192355000465585 
6192355000465586 
6192355000465587 
6192355000465588 
6192355000465589 
6192355000465590 
6192355000465591 
6192355000465592 
6192355000465593 
6192355000465594 
6192355000465595 
6192355000465596 
6192355000465597 
6192355000465598 
6192355000472453 
6192355000472454 
6192355000472455 
6192355000481851 
6192355000481852 
6192355000481853 
6192355000481854 
6192355000481855 
6192355000481856 
6192355000481857 
6192355000481858 
6192355000481859 
6192355000481860 
6192355000481861 
6192355000481862 
6192355000481863 
6192355000481864 
6192355000481865 
6192355000481866 
6192355000481867 
6192355000481868 
6192355000481869 
6192355000481873 
6192355000481874 
6192355000481875 
6192355000481876 
6192355000481877 
6192355000481878 
6192355000481879 
6192355000481880 
6192355000481881 
6192355000481882 
6192355000481883 
6192355000481884 
6192355000481885 
6192355000481886 
6192355000481887 
6192355000481888 
6192355000481889 
6192355000481890 
6192355000481891 
6192355000481892 
6192355000481893 
6192355000481894 
6192355000481895 
6192355000481896 
6192355000481897 
6192355000481898 
6192355000481899 
6192355000481900 
6192355000481901 
6192355000481902 
6192355000481903 
6192355000491651 
6192355000491652 
6192355000491653 
6192355000492451 
6192355000492452 
6192355000492453 
6192355000492454 
6192355000492455 
6192355000492456 
6192355000492457 
6192355000492458 
6192355000492459 
6192355000493551 
6192355000493552 
6192355000493553 
6192355000493554 
6192355000493555 
6192355000493556 
6192355000493557 
6192355000493558 
6192355000493559 
6192355000493560 
6192355000493561 
6192355000493562 
6192355000493563 
6192355000493564 
6192355000493565 
6192355000493566 
6192355000493567 
6192355000493568 
6192355000493569 
6192355000493570 
6192355000493571 
6192355000493572 
6192355000493573 
6192355000493574 
6192355000493575 
6192355000493576 
6192355000508751 
6192355000508752 
6192355000508754 
6192355000508755 
6192355000508756 
6192355000508757 
6192355000584064 
6192355000584065 
6192355000584066 
6192355000584067 
6192355000584068 
6192355000584069 
6192355000584070 
6192355000584071 
6192355000584072 
6192355000584073 
6192355000584074 
6192355000584075 
6192355000633551 
6192355000633552 
6192355000633553 
6192355000633554 
6192355000633555 
6192355000633556 
6192355000633557 
6192355000633558 
6192355000633559 
6192355000633560 
6192355000633561 
6192355000633562 
6192355000633563 
6192355000633564 
6192355000633565 
6192355000633566 
6192355000643151 
6192355000643152 
6192355000643153 
6192355000671363 
6192355000671364 
6192355000671365 
6192355000671366 
6192355000671367 
6192355000671368 
6192355000671369 
6192355000671370 
6192355000671371 
6192355000671372 
6192355000671373 
6192355000671374 
6192355000671375 
6192355000671376 
6192355000671377 
6192355000671378 
6192355000671379 
6192355000671380 
6192355000671381 
6192355000671382 
6192355000671383 
6192355000671384 
6192355000671385 
6192355000671386 
6192355000671387 
6192355000671388 
6192355000671389 
6192355000671390 
6192355000671391 
6192355000671392 
6192355000671393 
6192355000671394 
6192355000676651 
6192355000739751 
6192355000739752 
6192355000739753 
6192355000739754 
6192355000739755 
6192355000739756 
6192355000002751 
6192355000002752 
6192355000002753 
6192355000002754 
6192355000002755 
6192355000002756 
6192355000002757 
6192355000002758 
6192355000002759 
6192355000002760 
6192355000002761 
6192355000002762 
6192355000002763 
6192355000002764 
6192355000002765 
6192355000002768 
6192355000002769 
6192355000002770 
6192355000002771 
6192355000002772 
6192355000002773 
6192355000002774 
6192355000002775 
6192355000002776 
6192355000002777 
6192355000002778 
6192355000002779 
6192355000113154 
6192355000393553 
6192355000393554 
6192355000393555 
6192355000393556 
6192355000393559 
6192355000393560 
6192355000393561 
6192355000393562 
6192355000393563 
6192355000393564 
6192355000393565 
6192355000393566 
6192355000393567 
6192355000393568 
6192355000393569 
6192355000393570 
6192355000393571 
6192355000393572 
6192355000393573 
6192355000393574 
6192355000393575 
6192355000393576 
6192355000393577 
6192355000393578 
6192355000393579 
6192355000393580 
6192355000393581 
6192355000393582 
6192355000393583 
6192355000393584 
6192355000393585 
6192355000393586 
6192355000393587 
6192355000393588 
6192355000418351 
6192355000418352 
6192355000418353 
6192355000418354 
6192355000418355 
6192355000418356 
6192355000418357 
6192355000418358 
6192355000418359 
6192355000418360 
6192355000522668 
6192355000522669 
6192355000522670 
6192355000522671 
6192355000522672 
6192355000522673 
6192355000522674 
6192355000522675 
6192355000546051 
6192355000546052 
6192355000546053 
6192355000546054 
6192355000546055 
6192355000546056 
6192355000546058 
6192355000546059 
6192355000546060 
6192355000556851 
6192355000556852 
6192355000556853 
6192355000556854 
6192355000556855 
6192355000556856 
6192355000556857 
6192355000556858 
6192355000556859 
6192355000556860 
6192355000556861 
6192355000556862 
6192355000556863 
6192355000556864 
6192355000556865 
6192355000556866 
6192355000556867 
6192355000556868 
6192355000556869 
6192355000556870 
6192355000556871 
6192355000556872 
6192355000556873 
6192355000556874 
6192355000556875 
6192355000556876 
6192355000556877 
6192355000556878 
6192355000556879 
6192355000556880 
6192355000556881 
6192355000556882 
6192355000556883 
6192355000556885 
6192355000556886 
6192355000556887 
6192355000556888 
6192355000556889 
6192355000556890 
6192355000562851 
6192355000562852 
6192355000562853 
6192355000562854 
6192355000562855 
6192355000562856 
6192355000562857 
6192355000562858 
6192355000562859 
6192355000562860 
6192355000562861 
6192355000562862 
6192355000562863 
6192355000562864 
6192355000562865 
6192355000562866 
6192355000562867 
6192355000562868 
6192355000562869 
6192355000567376 
6192355000677651 
6192355000677652 
6192355000677653 
6192355000677654 
6192355000677655 
6192355000677656 
6192355000677657 
6192355000677658 
6192355000677659 
6192355000677660 
6192355000677661 
6192355000677662 
6192355000677663 
6192355000677664 
6192355000677665 
6192355000677666 
6192355000677667 
6192355000677668 
6192355000677669 
6192355000677671 
6192355000677672 
6192355000677673 
6192355000677674 
6192355000682751 
6192355000682752 
6192355000682753 
6192355000682754 
6192355000682755 
6192355000682756 
6192355000682757 
6192355000682758 
6192355000682759 
6192355000700651 
6192355000700652 
6192355000700653 
6192355000700654 
6192355000700655 
6192355000700656 
6192355000702453 
6192355000702454 
6192355000702455 
6192355000702456 
6192355000702457 
6192355000702458 
6192355000702459 
6192355000702460 
6192355000702461 
6192355000702462 
6192355000702463 
6192355000702464 
6192355000702465 
6192355000702466 
6192355000702467 
6192355000702468 
6192355000754751 
6192355000754752 
6192355000754753 
6192355000754754 
6192355000754755 
6192355000754756 
6192355000754757 
6192355000754758 
6192355000754759 
6192355000754760 
6192355000754761 
6192355000754762 
6192355000754763 
6192355000754764 
6192355000754765 
6192355000754766 
6192355000754767 
6192355000754768 
6192355000754769 
6192355000754770 
6192355000754771 
6192355000754772 
6192355000754773 
6192355000754774 
6192354999814051 
6192354999814651 
6192354999814652 
6192354999869452 
6192354999869453 
6192354999869451 
6192354999869455 
6192354999869456 
6192354999869454 
6192354999869458 
6192354999869459 
6192354999869457 
6192354999869461 
6192354999869462 
6192354999869460 
6192354999869464 
6192354999869465 
6192354999869463 
6192354999869467 
6192354999869468 
6192354999869466 
6192354999869470 
6192354999869471 
6192354999869469 
6192354999869473 
6192354999869474 
6192354999869475 
6192354999869472 
6192354999869477 
6192354999869478 
6192354999869476 
6192354999869480 
6192354999869481 
6192354999869479 
6192354999869483 
6192354999869484 
6192354999869482 
6192355000640453 
6192355000640452 
6192354999869486 
6192354999869487 
6192354999869485 
6192354999869489 
6192354999869490 
6192354999869488 
6192354999869492 
6192354999869493 
6192354999869491 
6192354999869495 
6192354999869496 
6192354999869494 
6192354999869498 
6192354999869499 
6192354999869497 
6192354999869501 
6192354999869500 
6192354999869503 
6192354999869504 
6192354999869502 
6192354999869506 
6192354999869507 
6192354999869505 
6192354999869509 
6192354999869510 
6192354999869511 
6192354999869508 
6192355000640455 
6192355000640456 
6192355000640454 
6192354999869513 
6192354999869514 
6192354999869515 
6192354999869512 
6192354999869517 
6192354999869518 
6192354999869516 
6192354999869520 
6192354999869521 
6192354999869522 
6192354999869519 
6192354999869524 
6192354999869525 
6192354999869523 
6192354999869527 
6192354999869528 
6192354999869526 
6192354999869530 
6192354999869531 
6192354999869529 
6192354999869533 
6192354999869534 
6192354999869532 
6192354999869536 
6192354999869535 
6192354999869538 
6192354999869539 
6192354999869537 
6192354999869541 
6192354999869542 
6192354999869543 
6192354999869540 
6192354999869545 
6192354999869546 
6192354999869547 
6192354999869544 
6192354999869549 
6192354999869548 
6192354999869578 
6192354999869577 
6192354999869580 
6192354999869581 
6192354999869582 
6192354999869579 
6192354999869584 
6192354999869585 
6192354999869583 
6192354999869587 
6192354999869588 
6192354999869586 
6192354999869590 
6192354999869591 
6192354999869592 
6192354999869593 
6192354999869594 
6192354999869589 
6192354999869596 
6192354999869595 
6192354999869598 
6192354999869599 
6192354999869597 
6192354999869601 
6192354999869602 
6192354999869600 
6192354999869604 
6192354999869605 
6192354999869603 
6192354999869607 
6192354999869608 
6192354999869606 
6192354999869610 
6192354999869609 
6192354999869612 
6192354999869613 
6192354999869611 
6192354999869615 
6192354999869616 
6192354999869614 
6192354999869618 
6192354999869619 
6192354999869617 
6192354999869621 
6192354999869620 
6192354999869623 
6192354999869624 
6192354999869622 
6192354999869626 
6192354999869625 
6192354999869628 
6192354999869629 
6192354999869627 
6192354999869631 
6192354999869632 
6192354999869630 
6192354999869634 
6192354999869635 
6192354999869633 
6192354999869637 
6192354999869638 
6192354999869636 
6192355000640459 
6192355000640458 
6192355000146934 
6192355000146935 
6192355000146933 
6192355000146937 
6192355000146938 
6192355000146936 
6192355000146940 
6192355000146943 
6192355000146939 
6192355000146942 
6192355000146946 
6192355000146941 
6192355000146945 
6192355000149452 
6192355000146944 
6192355000146948 
6192355000146949 
6192355000146947 
6192355000149451 
6192355000149453 
6192355000146950 
6192355000149455 
6192355000149456 
6192355000149454 
6192355000149458 
6192355000149459 
6192355000149460 
6192355000149457 
6192355000276252 
6192355000276253 
6192355000276251 
6192355000276255 
6192355000276256 
6192355000276254 
6192355000276258 
6192355000276259 
6192355000276257 
6192355000276261 
6192355000276262 
6192355000276260 
6192355000276264 
6192355000276265 
6192355000276263 
6192355000276267 
6192355000276268 
6192355000276269 
6192355000276266 
6192355000276271 
6192355000276272 
6192355000276270 
6192355000531252 
6192355000531253 
6192355000531251 
6192355000531255 
6192355000531256 
6192355000531254 
6192355000531258 
6192355000531259 
6192355000531257 
6192355000531261 
6192355000531264 
6192355000531260 
6192355000531263 
6192355000531265 
6192355000531262 
6192355000531267 
6192355000531268 
6192355000531266 
6192355000531270 
6192355000531271 
6192355000531269 
6192355000531273 
6192355000531274 
6192355000531272 
6192355000531276 
6192355000531277 
6192355000531278 
6192355000531275 
6192355000669952 
6192355000669951 
6192355000669958 
6192355000669957 
6192354999936851 
6192354999869640 
6192354999869641 
6192354999869639 
6192354999869643 
6192354999869644 
6192354999869645 
6192354999869642 
6192354999869647 
6192354999869646 
6192354999869649 
6192354999869650 
6192354999869651 
6192354999869648 
6192354999869653 
6192354999869654 
6192354999869652 
6192354999869656 
6192354999869657 
6192354999869655 
6192354999869659 
6192354999869660 
6192354999869661 
6192354999869658 
6192354999869663 
6192354999869664 
6192354999869665 
6192354999869662 
6192354999869667 
6192354999869666 
6192354999869669 
6192354999869670 
6192354999869671 
6192354999869668 
6192354999869673 
6192354999869674 
6192354999869672 
6192354999869676 
6192354999869677 
6192354999869675 
6192354999869679 
6192354999869680 
6192354999869678 
6192354999869682 
6192354999869683 
6192354999869681 
6192354999869685 
6192354999869686 
6192354999869688 
6192354999869684 
6192354999869690 
6192354999869689 
6192355000182452 
6192355000182453 
6192355000182451 
6192354999869692 
6192354999869691 
6192354999869694 
6192354999869695 
6192354999869693 
6192354999869697 
6192354999869698 
6192354999869696 
6192354999869700 
6192354999869701 
6192354999869699 
6192354999869703 
6192354999869704 
6192354999869705 
6192354999869702 
6192354999869707 
6192354999869708 
6192354999869706 
6192354999869710 
6192354999869711 
6192354999869709 
6192354999869713 
6192354999869714 
6192354999869715 
6192354999869712 
6192354999869717 
6192354999869718 
6192354999869716 
6192354999869720 
6192354999869719 
6192354999869722 
6192354999869721 
6192354999869724 
6192354999869725 
6192354999869726 
6192354999869727 
6192354999869723 
6192354999869729 
6192354999869730 
6192354999869731 
6192354999869728 
6192354999869733 
6192354999869734 
6192354999869732 
6192354999869736 
6192355000025560 
6192354999869735 
6192354999869738 
6192355000394651 
6192354999869737 
6192354999869740 
6192354999869741 
6192354999869739 
6192354999972252 
6192354999972253 
6192354999972254 
6192354999972251 
6192354999972256 
6192355000004105 
6192354999972255 
6192354999972258 
6192354999972261 
6192354999972257 
6192354999972260 
6192354999972262 
6192354999972259 
6192354999972264 
6192355000004106 
6192355000004107 
6192354999972263 
6192354999972266 
6192354999972267 
6192354999972265 
6192355000004109 
6192355000004110 
6192355000004108 
6192355000202694 
6192355000202695 
6192355000202696 
6192355000202693 
6192355000202698 
6192355000202699 
6192355000202700 
6192355000202697 
6192355000202702 
6192355000202703 
6192355000202704 
6192355000202701 
6192355000202706 
6192355000202707 
6192355000202708 
6192355000202705 
6192355000202710 
6192355000202711 
6192355000202712 
6192355000202709 
6192355000202714 
6192355000202715 
6192355000202713 
6192355000202717 
6192355000219951 
6192355000202716 
6192355000202720 
6192355000202721 
6192355000202719 
6192355000202723 
6192355000202724 
6192355000202725 
6192355000202722 
6192355000202727 
6192355000202728 
6192355000202729 
6192355000202726 
6192355000202731 
6192355000202732 
6192355000202730 
6192355000202734 
6192355000202735 
6192355000202733 
6192355000202737 
6192355000202738 
6192355000202736 
6192355000223952 
6192355000223980 
6192355000223951 
6192355000223954 
6192355000223967 
6192355000223968 
6192355000223953 
6192355000223970 
6192355000223971 
6192355000223975 
6192355000223969 
6192355000223973 
6192355000223974 
6192355000223976 
6192355000223972 
6192355000223978 
6192355000223979 
6192355000223977 
6192355000378452 
6192355000378453 
6192355000378451 
6192355000378455 
6192355000378458 
6192355000378454 
6192355000378457 
6192355000378951 
6192355000378456 
6192355000378953 
6192355000378954 
6192355000378955 
6192355000378952 
6192355000378957 
6192355000378961 
6192355000378956 
6192355000378959 
6192355000378960 
6192355000378958 
6192355000378963 
6192355000378964 
6192355000378962 
6192355000378966 
6192355000378979 
6192355000378965 
6192355000378968 
6192355000378980 
6192355000378967 
6192355000378970 
6192355000378971 
6192355000378972 
6192355000378969 
6192355000378974 
6192355000378981 
6192355000378973 
6192355000378976 
6192355000378977 
6192355000378978 
6192355000378975 
6192355000378983 
6192355000378982 
6192355000734052 
6192355000734053 
6192355000734057 
6192355000734051 
6192355000734055 
6192355000734056 
6192355000734054 
6192355000734059 
6192355000734058 
6192355000734061 
6192355000734060 
6192354999901752 
6192354999927351 
6192354999936870 
6192354999869802 
6192354999869803 
6192354999869804 
6192354999869801 
6192354999869806 
6192354999869807 
6192354999869805 
6192354999869809 
6192354999869808 
6192354999869811 
6192354999869812 
6192354999869813 
6192354999869810 
6192354999869815 
6192354999869816 
6192354999869814 
6192354999869818 
6192354999869819 
6192354999869817 
6192354999869821 
6192354999869820 
6192354999869823 
6192354999869824 
6192354999869822 
6192354999869826 
6192354999869827 
6192354999869825 
6192354999869829 
6192354999869830 
6192354999869828 
6192354999869832 
6192354999869833 
6192354999869831 
6192354999869835 
6192354999869836 
6192354999869834 
6192354999869838 
6192354999869839 
6192354999869837 
6192354999869841 
6192354999869842 
6192354999869843 
6192354999869840 
6192354999869845 
6192354999869846 
6192354999869844 
6192354999869848 
6192354999869849 
6192354999869850 
6192354999869847 
6192354999869852 
6192354999869853 
6192354999869851 
6192354999869855 
6192354999869856 
6192354999869857 
6192354999869854 
6192354999869859 
6192355000258351 
6192354999869858 
6192354999869861 
6192354999869862 
6192354999869860 
6192354999869864 
6192354999869865 
6192354999869863 
6192354999869867 
6192354999869868 
6192354999869866 
6192354999869870 
6192354999869871 
6192354999869869 
6192354999869873 
6192354999869872 
6192354999869875 
6192355000164251 
6192354999869874 
6192354999869877 
6192354999869878 
6192354999869876 
6192354999869880 
6192354999869881 
6192354999869879 
6192354999869883 
6192354999940164 
6192354999869882 
6192354999869885 
6192354999869886 
6192354999869887 
6192354999869884 
6192354999869889 
6192354999869890 
6192354999869888 
6192354999869892 
6192354999869893 
6192354999869894 
6192354999869891 
6192354999940166 
6192354999940165 
6192354999869896 
6192354999869897 
6192354999869895 
6192354999869899 
6192354999869900 
6192354999869898 
6192354999869902 
6192354999869901 
6192354999869904 
6192354999869903 
6192354999869906 
6192354999869907 
6192354999869908 
6192354999869905 
6192354999869910 
6192354999869911 
6192354999869909 
6192354999869913 
6192354999869912 
6192354999869915 
6192354999869916 
6192354999869917 
6192354999869914 
6192354999869919 
6192354999869920 
6192354999869921 
6192354999869922 
6192354999869923 
6192354999869918 
6192354999869925 
6192354999869924 
6192354999869927 
6192354999869926 
6192354999869929 
6192354999869928 
6192354999869931 
6192354999869930 
6192354999869933 
6192354999869932 
6192354999869936 
6192355000167822 
6192354999869934 
6192355000167824 
6192355000167825 
6192355000167826 
6192355000167823 
6192355000167828 
6192355000167829 
6192355000167827 
6192355000167831 
6192355000167832 
6192355000167833 
6192355000167830 
6192355000167835 
6192355000167834 
6192355000167838 
6192355000167841 
6192355000167837 
6192355000167840 
6192355000167848 
6192355000167839 
6192355000167843 
6192355000167846 
6192355000167842 
6192355000167845 
6192355000167847 
6192355000167844 
6192355000167850 
6192355000167849 
6192355000168752 
6192355000168753 
6192355000168751 
6192355000483594 
6192355000483595 
6192355000483593 
6192355000483597 
6192355000483608 
6192355000483596 
6192355000483599 
6192355000483598 
6192355000483601 
6192355000483611 
6192355000483600 
6192355000483603 
6192355000483602 
6192355000483605 
6192355000483606 
6192355000483607 
6192355000483604 
6192355000483610 
6192355000483609 
6192354999936852 
6192354999869938 
6192354999869939 
6192354999869940 
6192354999869937 
6192354999869942 
6192354999869943 
6192354999869941 
6192354999869945 
6192354999869946 
6192354999869944 
6192354999869948 
6192354999869949 
6192354999869950 
6192354999869947 
6192354999869952 
6192354999869953 
6192354999869951 
6192354999869955 
6192354999869956 
6192354999869957 
6192354999869954 
6192354999869959 
6192354999869960 
6192354999869961 
6192354999869958 
6192354999869963 
6192354999869964 
6192354999869962 
6192354999869966 
6192354999869965 
6192354999869968 
6192354999869969 
6192354999869970 
6192354999869967 
6192354999869972 
6192354999869973 
6192354999869971 
6192354999869975 
6192354999869976 
6192354999869974 
6192354999869978 
6192354999869979 
6192354999869977 
6192354999869981 
6192354999869982 
6192354999869980 
6192354999869984 
6192354999869985 
6192354999869983 
6192354999869987 
6192354999869986 
6192354999869989 
6192354999869990 
6192354999869991 
6192354999869988 
6192354999869993 
6192354999869994 
6192354999869992 
6192354999869996 
6192354999869997 
6192354999869995 
6192354999869999 
6192354999869998 
6192355000717272 
6192355000717273 
6192355000717275 
6192355000717271 
6192354999870001 
6192354999870002 
6192354999870000 
6192354999870004 
6192354999870005 
6192355000276332 
6192354999870003 
6192354999870007 
6192354999870008 
6192354999870006 
6192354999870010 
6192354999870011 
6192354999870009 
6192354999870013 
6192354999870014 
6192354999870015 
6192354999870012 
6192354999870017 
6192354999870018 
6192354999870016 
6192354999870020 
6192354999870021 
6192354999870019 
6192355000276329 
6192355000276330 
6192355000276331 
6192355000276328 
6192355000276334 
6192355000276336 
6192355000276333 
6192355000012752 
6192355000012753 
6192355000012754 
6192355000012751 
6192355000012756 
6192355000012757 
6192355000012758 
6192355000012755 
6192355000012760 
6192355000012767 
6192355000012759 
6192355000012762 
6192355000012761 
6192355000012765 
6192355000012766 
6192355000012764 
6192355000012769 
6192355000012770 
6192355000012771 
6192355000012768 
6192355000012773 
6192355000012776 
6192355000012777 
6192355000012772 
6192355000012775 
6192355000012778 
6192355000012779 
6192355000012774 
6192355000545514 
6192355000545513 
6192355000545516 
6192355000545517 
6192355000545515 
6192355000545519 
6192355000545520 
6192355000545518 
6192355000547952 
6192355000547980 
6192355000603251 
6192355000547951 
6192355000547970 
6192355000547969 
6192355000547972 
6192355000547971 
6192355000547974 
6192355000547996 
6192355000547973 
6192355000547976 
6192355000547991 
6192355000547975 
6192355000547982 
6192355000548023 
6192355000547981 
6192355000547984 
6192355000548022 
6192355000547983 
6192355000547986 
6192355000548005 
6192355000547985 
6192355000547988 
6192355000548002 
6192355000547987 
6192355000547993 
6192355000548024 
6192355000547992 
6192355000547995 
6192355000548008 
6192355000547994 
6192355000547998 
6192355000548001 
6192355000547997 
6192355000548010 
6192355000548009 
6192355000548852 
6192355000548003 
6192355000548004 
6192355000548851 
6192355000547956 
6192355000548018 
6192355000547955 
6192355000548007 
6192355000548011 
6192355000548006 
6192355000548013 
6192355000548012 
6192355000548015 
6192355000548016 
6192355000548017 
6192355000548014 
6192355000548020 
6192355000548021 
6192355000548019 
6192355000547958 
6192355000547959 
6192355000547957 
6192355000547961 
6192355000547962 
6192355000547960 
6192355000547964 
6192355000547965 
6192355000547963 
6192355000547967 
6192355000547968 
6192355000547966 
6192354999924751 
6192354999870023 
6192354999870024 
6192354999870022 
6192354999870026 
6192354999870027 
6192354999870025 
6192354999870029 
6192354999870030 
6192354999870028 
6192354999870032 
6192354999870033 
6192354999870031 
6192354999870035 
6192354999870036 
6192354999870034 
6192354999870038 
6192354999870039 
6192354999870037 
6192354999870041 
6192354999870040 
6192354999870043 
6192354999870044 
6192354999870045 
6192354999870042 
6192354999870047 
6192354999870048 
6192354999870046 
6192354999870050 
6192354999870051 
6192354999870049 
6192354999870053 
6192354999870052 
6192354999870055 
6192354999870056 
6192354999870054 
6192354999870058 
6192354999870059 
6192354999870057 
6192355000319952 
6192355000319953 
6192355000319951 
6192354999870061 
6192354999870062 
6192354999870063 
6192354999870060 
6192354999870065 
6192354999870066 
6192354999870064 
6192354999870068 
6192354999870069 
6192354999870067 
6192354999870071 
6192354999870072 
6192354999870073 
6192354999870070 
6192354999870075 
6192354999870076 
6192354999870074 
6192354999870078 
6192354999870079 
6192354999870080 
6192354999870077 
6192354999870082 
6192354999870083 
6192354999870081 
6192354999870085 
6192354999870086 
6192354999870084 
6192354999870088 
6192354999870089 
6192354999870087 
6192354999870091 
6192354999870092 
6192354999870090 
6192354999870094 
6192354999870095 
6192354999870093 
6192354999870097 
6192354999870098 
6192354999870096 
6192354999870169 
6192354999870170 
6192354999870168 
6192354999870172 
6192354999870173 
6192354999870171 
6192354999870175 
6192354999870174 
6192354999870177 
6192354999870176 
6192354999870179 
6192354999870180 
6192354999870181 
6192354999870178 
6192354999870183 
6192354999870184 
6192354999870185 
6192354999870182 
6192355000441859 
6192355000441860 
6192355000441861 
6192355000441858 
6192355000441863 
6192355000441864 
6192355000441862 
6192355000441866 
6192355000464537 
6192355000441865 
6192355000464540 
6192355000465550 
6192355000464539 
6192355000464542 
6192355000464543 
6192355000464547 
6192355000465351 
6192355000464541 
6192355000464545 
6192355000464546 
6192355000464548 
6192355000464544 
6192355000464550 
6192355000464549 
6192355000465252 
6192355000465255 
6192355000465256 
6192355000465251 
6192355000465254 
6192355000465257 
6192355000465258 
6192355000465253 
6192355000465353 
6192355000465653 
6192355000465352 
6192355000465355 
6192355000465655 
6192355000465354 
6192355000465357 
6192355000465652 
6192355000465356 
6192355000465540 
6192355000465546 
6192355000465547 
6192355000465539 
6192355000465542 
6192355000465548 
6192355000465549 
6192355000465541 
6192355000465544 
6192355000465545 
6192355000465543 
6192355000550185 
6192355000550186 
6192355000550184 
6192355000550188 
6192355000550187 
6192355000550190 
6192355000550189 
6192355000550192 
6192355000550191 
6192355000550194 
6192355000550198 
6192355000550193 
6192355000550196 
6192355000550197 
6192355000550195 
6192355000550200 
6192355000550201 
6192355000550202 
6192355000550199 
6192354999901751 
6192354999870191 
6192354999870192 
6192354999870190 
6192354999870194 
6192354999870193 
6192354999870196 
6192354999870197 
6192354999870195 
6192354999870199 
6192354999870200 
6192354999870198 
6192354999870202 
6192354999870201 
6192354999870204 
6192354999870203 
6192354999870206 
6192354999870207 
6192354999870205 
6192354999870209 
6192354999870210 
6192354999870208 
6192354999870212 
6192354999870211 
6192354999870214 
6192354999870215 
6192354999870213 
6192354999870217 
6192354999870216 
6192354999870219 
6192354999870220 
6192354999870218 
6192354999870222 
6192354999870223 
6192354999870221 
6192354999870225 
6192354999870226 
6192354999870224 
6192354999870228 
6192354999870229 
6192354999870227 
6192354999870231 
6192354999870232 
6192354999870230 
6192354999870234 
6192354999870235 
6192354999870233 
6192354999870237 
6192354999870238 
6192354999870239 
6192354999870236 
6192354999870241 
6192354999870242 
6192354999870240 
6192354999870244 
6192354999870245 
6192354999870246 
6192354999870243 
6192354999870248 
6192354999870249 
6192354999870247 
6192355000021136 
6192355000021137 
6192355000021135 
6192355000021077 
6192355000021078 
6192355000021076 
6192355000021080 
6192355000021083 
6192355000021079 
6192355000021082 
6192355000021084 
6192355000021081 
6192355000193279 
6192355000193278 
6192355000193284 
6192355000193285 
6192355000193286 
6192355000193283 
6192355000193288 
6192355000193289 
6192355000193290 
6192355000193287 
6192355000193292 
6192355000193295 
6192355000193296 
6192355000193299 
6192355000193300 
6192355000193291 
6192355000193298 
6192355000193301 
6192355000193302 
6192355000193306 
6192355000193307 
6192355000193297 
6192355000193281 
6192355000193303 
6192355000193304 
6192355000193305 
6192355000193280 
6192355000276295 
6192355000276296 
6192355000276294 
6192355000276298 
6192355000276299 
6192355000276297 
6192355000276301 
6192355000276302 
6192355000276300 
6192355000276304 
6192355000276306 
6192355000276309 
6192355000276303 
6192355000276308 
6192355000276310 
6192355000276307 
6192355000276312 
6192355000276313 
6192355000276311 
6192355000276317 
6192355000276318 
6192355000276316 
6192355000276320 
6192355000276319 
6192355000276322 
6192355000276323 
6192355000276324 
6192355000276321 
6192355000276326 
6192355000276327 
6192355000276325 
6192355000548026 
6192355000548027 
6192355000548025 
6192355000548029 
6192355000548028 
6192355000548031 
6192355000548032 
6192355000548030 
6192355000548034 
6192355000548035 
6192355000548033 
6192355000548037 
6192355000548044 
6192355000548036 
6192355000548039 
6192355000548045 
6192355000548038 
6192355000548041 
6192355000548040 
6192355000548043 
6192355000548048 
6192355000548042 
6192355000548047 
6192355000548046 
6192355000548050 
6192355000548049 
6192355000550152 
6192355000550151 
6192355000550154 
6192355000550155 
6192355000550153 
6192355000550157 
6192355000550158 
6192355000550156 
6192355000550160 
6192355000550161 
6192355000550159 
6192355000550163 
6192355000550164 
6192355000550162 
6192355000550166 
6192355000550165 
6192355000550168 
6192355000550167 
6192355000550170 
6192355000550169 
6192354999936854 
6192354999965875 
6192354999965876 
6192354999965882 
6192354999965874 
6192354999965878 
6192354999965898 
6192354999965899 
6192354999965877 
6192354999965880 
6192354999965881 
6192354999965879 
6192354999965884 
6192354999965885 
6192354999965883 
6192354999965887 
6192354999965888 
6192354999965886 
6192354999965890 
6192354999965891 
6192354999965889 
6192354999965893 
6192354999965897 
6192354999965892 
6192354999965895 
6192354999965896 
6192354999965894 
6192354999965901 
6192354999965902 
6192354999965900 
6192354999965904 
6192354999965907 
6192354999965910 
6192354999965903 
6192354999965906 
6192354999965922 
6192354999965925 
6192354999965905 
6192354999965909 
6192354999965911 
6192354999965908 
6192354999965913 
6192354999965915 
6192354999965912 
6192354999965917 
6192354999965918 
6192354999965916 
6192354999965920 
6192354999965921 
6192354999965919 
6192354999965924 
6192354999965926 
6192354999965927 
6192354999965928 
6192354999965923 
6192354999936855 
6192354999870405 
6192354999870406 
6192354999870407 
6192354999870404 
6192354999870409 
6192354999870408 
6192354999870411 
6192354999870410 
6192354999870413 
6192354999870414 
6192354999870412 
6192354999870416 
6192354999870415 
6192354999870422 
6192354999870423 
6192354999870424 
6192354999870421 
6192354999870426 
6192354999870425 
6192354999870428 
6192354999870429 
6192354999870430 
6192354999870427 
6192354999870432 
6192354999870431 
6192354999870434 
6192354999870435 
6192354999870436 
6192354999870433 
6192354999870438 
6192354999870439 
6192354999870440 
6192354999870437 
6192355000183662 
6192355000183663 
6192355000183661 
6192354999870479 
6192354999870480 
6192354999870478 
6192354999870491 
6192354999870492 
6192354999870490 
6192354999870494 
6192354999870495 
6192354999870493 
6192354999870497 
6192354999870498 
6192354999870496 
6192354999870500 
6192354999870501 
6192354999870499 
6192354999870503 
6192354999870504 
6192354999870505 
6192354999870502 
6192354999870507 
6192354999870508 
6192354999870506 
6192354999870510 
6192354999870511 
6192354999870512 
6192354999870509 
6192354999870514 
6192354999870515 
6192354999870516 
6192354999870513 
6192354999870518 
6192354999870519 
6192354999870520 
6192354999870517 
6192354999870522 
6192354999870523 
6192354999870521 
6192354999870525 
6192354999870526 
6192354999870524 
6192354999870528 
6192354999870529 
6192354999870527 
6192354999870531 
6192354999870532 
6192354999870533 
6192354999870530 
6192354999870535 
6192354999870536 
6192354999870537 
6192354999870534 
6192354999870539 
6192354999870540 
6192354999870538 
6192354999870542 
6192354999870543 
6192354999870541 
6192354999870545 
6192354999870546 
6192354999870544 
6192354999870548 
6192354999870549 
6192354999870550 
6192354999870547 
6192354999870552 
6192354999870553 
6192354999870551 
6192354999870555 
6192354999870556 
6192354999870554 
6192354999870558 
6192354999870559 
6192354999870560 
6192354999870557 
6192354999870577 
6192354999870578 
6192354999870579 
6192354999870576 
6192354999870581 
6192354999870582 
6192354999870583 
6192354999870580 
6192354999870585 
6192354999870586 
6192354999870584 
6192354999870588 
6192354999870589 
6192354999870587 
6192354999870591 
6192354999870592 
6192354999870590 
6192354999870594 
6192354999870595 
6192354999870593 
6192354999870597 
6192354999870598 
6192354999870599 
6192354999870596 
6192354999870601 
6192354999870602 
6192354999870600 
6192354999870604 
6192354999870605 
6192354999870606 
6192354999870603 
6192354999870608 
6192354999870609 
6192354999870607 
6192354999870611 
6192354999870610 
6192354999870613 
6192354999870614 
6192354999870615 
6192354999870612 
6192354999870617 
6192354999870616 
6192354999870619 
6192354999870620 
6192354999870621 
6192354999870618 
6192354999870623 
6192354999870622 
6192354999870625 
6192354999870626 
6192354999870624 
6192354999870628 
6192354999870629 
6192354999870627 
6192355000717268 
6192355000717269 
6192355000717270 
6192355000717267 
6192354999887451 
6192354999870631 
6192354999870632 
6192354999870630 
6192354999870634 
6192354999870635 
6192354999870633 
6192354999870637 
6192354999870638 
6192354999870636 
6192354999870640 
6192354999870641 
6192354999870639 
6192354999870643 
6192354999870644 
6192354999870642 
6192354999870646 
6192354999870645 
6192354999870648 
6192354999870649 
6192354999870647 
6192354999870651 
6192354999870652 
6192354999870650 
6192354999870654 
6192354999870655 
6192354999870653 
6192354999870657 
6192354999870658 
6192354999870656 
6192354999870660 
6192354999870661 
6192354999870659 
6192354999870663 
6192354999870662 
6192354999870679 
6192354999870680 
6192354999870681 
6192354999870678 
6192354999870689 
6192354999870690 
6192354999870691 
6192354999870688 
6192354999870693 
6192354999870692 
6192354999870695 
6192354999870694 
6192354999870697 
6192354999870698 
6192354999870696 
6192354999870700 
6192354999870701 
6192354999870702 
6192354999870699 
6192354999870704 
6192354999870705 
6192354999870706 
6192354999870703 
6192354999870708 
6192354999870709 
6192354999870710 
6192354999870707 
6192354999870712 
6192354999870713 
6192354999870711 
6192354999976168 
6192354999976171 
6192354999976176 
6192354999976167 
6192354999976170 
6192354999976169 
6192354999976173 
6192354999976172 
6192354999976175 
6192354999976174 
6192354999976178 
6192354999976179 
6192354999976177 
6192354999976181 
6192354999976182 
6192354999976180 
6192354999976187 
6192354999976188 
6192354999976186 
6192354999976190 
6192354999976195 
6192354999976189 
6192354999976192 
6192354999976196 
6192354999976191 
6192354999976194 
6192354999976197 
6192354999982683 
6192354999976193 
6192354999976651 
6192354999976652 
6192354999976250 
6192354999976654 
6192354999976655 
6192354999976653 
6192354999976657 
6192354999976658 
6192354999976656 
6192354999976682 
6192354999976683 
6192354999976681 
6192354999976685 
6192354999976684 
6192354999976687 
6192354999976688 
6192354999976689 
6192354999976686 
6192354999987064 
6192354999989624 
6192354999987063 
6192354999976199 
6192354999976202 
6192354999976203 
6192354999976198 
6192354999976201 
6192354999976204 
6192354999976205 
6192354999976200 
6192354999976207 
6192354999976208 
6192354999976209 
6192354999976206 
6192354999989611 
6192354999989617 
6192354999989610 
6192354999989613 
6192354999989616 
6192354999989612 
6192354999989615 
6192354999989622 
6192354999989614 
6192354999989619 
6192354999989618 
6192354999989621 
6192354999989623 
6192354999989620 
6192355000254852 
6192355000254853 
6192355000254851 
6192355000254855 
6192355000254856 
6192355000254854 
6192355000254858 
6192355000254859 
6192355000254860 
6192355000254857 
6192355000254862 
6192355000254863 
6192355000254861 
6192355000254865 
6192355000254866 
6192355000254864 
6192355000254868 
6192355000254869 
6192355000254867 
6192355000254871 
6192355000254872 
6192355000254870 
6192355000254874 
6192355000254875 
6192355000254873 
6192355000697602 
6192355000697601 
6192355000697604 
6192355000697603 
6192355000697606 
6192355000697607 
6192355000697608 
6192355000697605 
6192354999900451 
6192354999870715 
6192354999870716 
6192354999870717 
6192354999870714 
6192354999870720 
6192354999870721 
6192354999870719 
6192354999870723 
6192354999870724 
6192354999870722 
6192354999870726 
6192354999870727 
6192354999870725 
6192354999870729 
6192354999870730 
6192354999870728 
6192354999870732 
6192354999870733 
6192354999870734 
6192354999870731 
6192354999870736 
6192354999870737 
6192354999870735 
6192354999870739 
6192354999870740 
6192354999870738 
6192354999870742 
6192354999870743 
6192354999870741 
6192354999870745 
6192354999870746 
6192354999870744 
6192355000175558 
6192355000175559 
6192355000175557 
6192354999870748 
6192354999870749 
6192354999870750 
6192354999870747 
6192354999870752 
6192354999870753 
6192354999870751 
6192354999870755 
6192354999870756 
6192354999870754 
6192354999870758 
6192354999870759 
6192354999870757 
6192354999870761 
6192354999870762 
6192354999870760 
6192354999870764 
6192354999870765 
6192354999870763 
6192354999870767 
6192354999870768 
6192354999870766 
6192354999870770 
6192354999870771 
6192354999870772 
6192354999870769 
6192354999870774 
6192354999870775 
6192354999870776 
6192354999870773 
6192354999870778 
6192354999870779 
6192354999870780 
6192354999870777 
6192354999870782 
6192354999870783 
6192354999870781 
6192354999939958 
6192354999940151 
6192354999939957 
6192354999870785 
6192354999870786 
6192354999870787 
6192354999870784 
6192354999870789 
6192354999870790 
6192354999870788 
6192354999870792 
6192354999870793 
6192354999870791 
6192354999870795 
6192354999870796 
6192354999870794 
6192354999870798 
6192354999870799 
6192354999870797 
6192354999870801 
6192354999870802 
6192354999870800 
6192354999870804 
6192354999870803 
6192354999870806 
6192354999870807 
6192354999870805 
6192354999870809 
6192354999870810 
6192354999870811 
6192354999870808 
6192354999936856 
6192354999870813 
6192354999870814 
6192354999870815 
6192354999870812 
6192354999870817 
6192354999870818 
6192354999870816 
6192354999870820 
6192354999870821 
6192354999870819 
6192354999870823 
6192354999870824 
6192354999870822 
6192354999870826 
6192354999870827 
6192354999870828 
6192354999870825 
6192354999870830 
6192354999870831 
6192354999870832 
6192354999870829 
6192354999870834 
6192354999870835 
6192354999870833 
6192354999870837 
6192354999870836 
6192354999870839 
6192354999870838 
6192354999870841 
6192354999870842 
6192354999870840 
6192354999870844 
6192354999870845 
6192354999870843 
6192354999870847 
6192354999870848 
6192354999870846 
6192354999870850 
6192354999870849 
6192354999870852 
6192354999870853 
6192354999870851 
6192354999870855 
6192354999870854 
6192354999870857 
6192354999870858 
6192354999870856 
6192354999870860 
6192354999870861 
6192354999870859 
6192354999870863 
6192354999870864 
6192354999870862 
6192354999870866 
6192354999870867 
6192354999870865 
6192354999870869 
6192354999870868 
6192354999870871 
6192354999870872 
6192354999870870 
6192354999870874 
6192354999870873 
6192354999870876 
6192354999870877 
6192354999870878 
6192354999870875 
6192354999870880 
6192354999870881 
6192354999870879 
6192355000232037 
6192355000232038 
6192355000232039 
6192355000232036 
6192355000232041 
6192355000232044 
6192355000232040 
6192355000232043 
6192355000232045 
6192355000232042 
6192355000232047 
6192355000232048 
6192355000232046 
6192355000232050 
6192355000237251 
6192355000237252 
6192355000232049 
6192355000237254 
6192355000237255 
6192355000237253 
6192355000237257 
6192355000237258 
6192355000237256 
6192355000237260 
6192355000237261 
6192355000237259 
6192355000415052 
6192355000419717 
6192355000415051 
6192355000419719 
6192355000419720 
6192355000419718 
6192355000419722 
6192355000419723 
6192355000419724 
6192355000419721 
6192355000419726 
6192355000419725 
6192355000419728 
6192355000419729 
6192355000419730 
6192355000419727 
6192355000464471 
6192355000464472 
6192355000464470 
6192355000464474 
6192355000464475 
6192355000464473 
6192355000419732 
6192355000419733 
6192355000419736 
6192355000419731 
6192355000419735 
6192355000419739 
6192355000419734 
6192355000419738 
6192355000419737 
6192355000419741 
6192355000419742 
6192355000419740 
6192355000419744 
6192355000419748 
6192355000419743 
6192355000419746 
6192355000419747 
6192355000419745 
6192355000419750 
6192355000420761 
6192355000419749 
6192355000420752 
6192355000420764 
6192355000420765 
6192355000420751 
6192355000420754 
6192355000420766 
6192355000465463 
6192355000420753 
6192355000420756 
6192355000420755 
6192355000420758 
6192355000420759 
6192355000420760 
6192355000420757 
6192355000420763 
6192355000420762 
6192355000465465 
6192355000465466 
6192355000465467 
6192355000465464 
6192355000464477 
6192355000464478 
6192355000464476 
6192355000464480 
6192355000464491 
6192355000464479 
6192355000464482 
6192355000464481 
6192355000464484 
6192355000464495 
6192355000464483 
6192355000464486 
6192355000464489 
6192355000464485 
6192355000464488 
6192355000464490 
6192355000464487 
6192355000464493 
6192355000464494 
6192355000464492 
6192355000464525 
6192355000465487 
6192355000465474 
6192355000464524 
6192355000464528 
6192355000464529 
6192355000464527 
6192355000464531 
6192355000464532 
6192355000465492 
6192355000464530 
6192355000465478 
6192355000465477 
6192355000465480 
6192355000465481 
6192355000465482 
6192355000465479 
6192355000465484 
6192355000465485 
6192355000465486 
6192355000465483 
6192355000465489 
6192355000465490 
6192355000465491 
6192355000465488 
6192355000465494 
6192355000465495 
6192355000465493 
6192355000467681 
6192355000467703 
6192355000467704 
6192355000467680 
6192355000467701 
6192355000467705 
6192355000467700 
6192355000467707 
6192355000467708 
6192355000467706 
6192355000467710 
6192355000467709 
6192355000467712 
6192355000467713 
6192355000467711 
6192355000467715 
6192355000467716 
6192355000467722 
6192355000467714 
6192355000467718 
6192355000467729 
6192355000467717 
6192355000467720 
6192355000467721 
6192355000467719 
6192355000467724 
6192355000467723 
6192355000467726 
6192355000467727 
6192355000467728 
6192355000467725 
6192355000467731 
6192355000467732 
6192355000467733 
6192355000467730 
6192355000603260 
6192355000603261 
6192355000603259 
6192355000603263 
6192355000603264 
6192355000603262 
6192355000603266 
6192355000603267 
6192355000603265 
6192355000603269 
6192355000603270 
6192355000603268 
6192355000603303 
6192355000603304 
6192355000603302 
6192355000603306 
6192355000603307 
6192355000603305 
6192355000603309 
6192355000603310 
6192355000603308 
6192355000603312 
6192355000603313 
6192355000603314 
6192355000603311 
6192355000603328 
6192355000603329 
6192355000603327 
6192355000603331 
6192355000603330 
6192355000603333 
6192355000603334 
6192355000603335 
6192355000603332 
6192355000603337 
6192355000603338 
6192355000603336 
6192355000603340 
6192355000603339 
6192355000603342 
6192355000603343 
6192355000603341 
6192355000603345 
6192355000603344 
6192355000603347 
6192355000603348 
6192355000603346 
6192355000603350 
6192355000606851 
6192355000603349 
6192355000606853 
6192355000606854 
6192355000606852 
6192355000606856 
6192355000606857 
6192355000606855 
6192354999921751 
6192354999870944 
6192354999870945 
6192354999870946 
6192354999870943 
6192354999870948 
6192354999870949 
6192354999870950 
6192354999870947 
6192354999870952 
6192354999870953 
6192354999870954 
6192354999870951 
6192354999870957 
6192354999870958 
6192354999870955 
6192354999870960 
6192354999870961 
6192354999870962 
6192354999870963 
6192354999870959 
6192354999870965 
6192354999870966 
6192354999870964 
6192354999870968 
6192354999870967 
6192354999870970 
6192354999870971 
6192354999870969 
6192354999870973 
6192354999870974 
6192354999870972 
6192354999870976 
6192354999870977 
6192354999870978 
6192354999870975 
6192354999870980 
6192354999870981 
6192354999870979 
6192354999870983 
6192354999870984 
6192354999870982 
6192355000293752 
6192355000293753 
6192355000293751 
6192354999870986 
6192354999870987 
6192354999870985 
6192354999870989 
6192354999870990 
6192354999870991 
6192354999870988 
6192354999870993 
6192354999870994 
6192354999870995 
6192354999870992 
6192354999870997 
6192354999870998 
6192354999870996 
6192354999871000 
6192354999871001 
6192354999870999 
6192354999871003 
6192354999871004 
6192354999871002 
6192354999871006 
6192354999871005 
6192354999871008 
6192354999871009 
6192354999871007 
6192354999871011 
6192354999871012 
6192354999871010 
6192354999871014 
6192354999871015 
6192354999871013 
6192354999871017 
6192354999871018 
6192354999871016 
6192354999871020 
6192354999871021 
6192354999871019 
6192354999871023 
6192354999871024 
6192354999871025 
6192354999871022 
6192354999871027 
6192354999871026 
6192354999871029 
6192354999871030 
6192354999871028 
6192354999871032 
6192354999871031 
6192354999871034 
6192354999871035 
6192354999871036 
6192354999871033 
6192354999871038 
6192354999871039 
6192354999871037 
6192354999871041 
6192354999871042 
6192354999871040 
6192354999871044 
6192354999871045 
6192354999871043 
6192354999871047 
6192354999871048 
6192354999871046 
6192354999871050 
6192354999871051 
6192354999871052 
6192354999871053 
6192354999871049 
6192354999871055 
6192354999871056 
6192354999871054 
6192354999871058 
6192354999871059 
6192354999871057 
6192354999871061 
6192354999871060 
6192354999871063 
6192354999871064 
6192354999871062 
6192354999871066 
6192354999871067 
6192354999871065 
6192354999871069 
6192354999871068 
6192354999871071 
6192354999871070 
6192355000307655 
6192355000307656 
6192355000307654 
6192355000307658 
6192355000307659 
6192355000307657 
6192354999871153 
6192354999871154 
6192354999871155 
6192354999871156 
6192354999871152 
6192354999871158 
6192354999871159 
6192354999871157 
6192354999871161 
6192354999871162 
6192354999871163 
6192354999871160 
6192354999871165 
6192354999871166 
6192354999871167 
6192354999871164 
6192354999871169 
6192354999871170 
6192354999871171 
6192354999871168 
6192354999871173 
6192354999871172 
6192354999871175 
6192354999871176 
6192354999871174 
6192354999871178 
6192354999871177 
6192354999871180 
6192354999871181 
6192354999871179 
6192354999871183 
6192354999871184 
6192354999871182 
6192354999871186 
6192354999871187 
6192354999871185 
6192354999871189 
6192354999871190 
6192354999871191 
6192354999871188 
6192354999871193 
6192354999871194 
6192354999871192 
6192355000076081 
6192355000076084 
6192355000076080 
6192355000076083 
6192355000076087 
6192355000076082 
6192355000076086 
6192355000076092 
6192355000109295 
6192355000076085 
6192355000076094 
6192355000076095 
6192355000076093 
6192355000109291 
6192355000109292 
6192355000109293 
6192355000109290 
6192355000109297 
6192355000109304 
6192355000109305 
6192355000109296 
6192355000109299 
6192355000109303 
6192355000109298 
6192355000109301 
6192355000109302 
6192355000109300 
6192355000109307 
6192355000109310 
6192355000109306 
6192355000109309 
6192355000109311 
6192355000109308 
6192355000109333 
6192355000109334 
6192355000114851 
6192355000109332 
6192355000593370 
6192355000593369 
6192355000593372 
6192355000593375 
6192355000593371 
6192355000593374 
6192355000593378 
6192355000593373 
6192355000593377 
6192355000593379 
6192355000593380 
6192355000593376 
6192355000143059 
6192355000143062 
6192355000143058 
6192355000143061 
6192355000143063 
6192355000143060 
6192355000143065 
6192355000143066 
6192355000143064 
6192355000254877 
6192355000254878 
6192355000254876 
6192355000254880 
6192355000254881 
6192355000254879 
6192355000254883 
6192355000254884 
6192355000254885 
6192355000254882 
6192355000254887 
6192355000254888 
6192355000254886 
6192355000254890 
6192355000254891 
6192355000254889 
6192355000254893 
6192355000254894 
6192355000254892 
6192355000254896 
6192355000254897 
6192355000254895 
6192355000254899 
6192355000254900 
6192355000254898 
6192355000270685 
6192355000270686 
6192355000271152 
6192355000270684 
6192355000270688 
6192355000270689 
6192355000270687 
6192355000270691 
6192355000270692 
6192355000270690 
6192355000271154 
6192355000271155 
6192355000271153 
6192355000666997 
6192355000666996 
6192355000666999 
6192355000666998 
6192355000667001 
6192355000667000 
6192355000667003 
6192355000667002 
6192355000667005 
6192355000667004 
6192355000667007 
6192355000667008 
6192355000667006 
6192355000667010 
6192355000667011 
6192355000667012 
6192355000667009 
6192355000667014 
6192355000667022 
6192355000667013 
6192355000667016 
6192355000667017 
6192355000667018 
6192355000667015 
6192355000667020 
6192355000667021 
6192355000667019 
6192355000667024 
6192355000667023 
6192354999910651 
6192354999871269 
6192354999871270 
6192354999871271 
6192354999871268 
6192354999871273 
6192354999871274 
6192354999871275 
6192354999871272 
6192354999871277 
6192354999871278 
6192354999871276 
6192354999871280 
6192354999871281 
6192354999871279 
6192354999871283 
6192354999871282 
6192354999871285 
6192354999871284 
6192354999871287 
6192354999871288 
6192354999871289 
6192354999871286 
6192354999871291 
6192354999871292 
6192354999871293 
6192354999871290 
6192354999871295 
6192354999871296 
6192354999871297 
6192354999871294 
6192354999871299 
6192354999871298 
6192354999871301 
6192354999871302 
6192354999871303 
6192354999871300 
6192354999871305 
6192354999871306 
6192354999871304 
6192354999871308 
6192354999871307 
6192354999871310 
6192354999871309 
6192354999871312 
6192354999871311 
6192355000021066 
6192355000021067 
6192355000021068 
6192355000021065 
6192355000021070 
6192355000021071 
6192355000021074 
6192355000021069 
6192355000021073 
6192355000021075 
6192355000021072 
6192355000031152 
6192355000033651 
6192355000033652 
6192355000031151 
6192355000033658 
6192355000033667 
6192355000033668 
6192355000033657 
6192355000033660 
6192355000033665 
6192355000033659 
6192355000033662 
6192355000033663 
6192355000033664 
6192355000033661 
6192355000033670 
6192355000033682 
6192355000033683 
6192355000033669 
6192355000033673 
6192355000033674 
6192355000033675 
6192355000033671 
6192355000033677 
6192355000033678 
6192355000033681 
6192355000033676 
6192355000033680 
6192355000033684 
6192355000033685 
6192355000033679 
6192355000033687 
6192355000033688 
6192355000033686 
6192355000033690 
6192355000033691 
6192355000033692 
6192355000033689 
6192355000276274 
6192355000276275 
6192355000276273 
6192355000276277 
6192355000276278 
6192355000276276 
6192355000276280 
6192355000276281 
6192355000276279 
6192355000276283 
6192355000276286 
6192355000276287 
6192355000276282 
6192355000276285 
6192355000276293 
6192355000276284 
6192355000276289 
6192355000276291 
6192355000276292 
6192355000276288 
6192354999900651 
6192354999871344 
6192354999871345 
6192354999871343 
6192354999871347 
6192354999871348 
6192354999871349 
6192354999871346 
6192354999871351 
6192354999871352 
6192354999871353 
6192354999871354 
6192354999871350 
6192354999871356 
6192354999871357 
6192354999871355 
6192354999871359 
6192354999871360 
6192354999871358 
6192354999871362 
6192354999871363 
6192354999871361 
6192354999871365 
6192354999871364 
6192354999871367 
6192354999871368 
6192354999871366 
6192354999871370 
6192354999871369 
6192354999871372 
6192354999871373 
6192354999871374 
6192354999871371 
6192354999871376 
6192354999871375 
6192354999871378 
6192354999871379 
6192354999871377 
6192354999871381 
6192354999871382 
6192354999871380 
6192354999871384 
6192354999871385 
6192354999871386 
6192354999871383 
6192354999871388 
6192354999871389 
6192354999871387 
6192354999871391 
6192354999871390 
6192355000021052 
6192355000021053 
6192355000021051 
6192355000021055 
6192355000021056 
6192355000021054 
6192355000419694 
6192355000419695 
6192355000419698 
6192355000419693 
6192355000419697 
6192355000419699 
6192355000419700 
6192355000419696 
6192355000419702 
6192355000419703 
6192355000419701 
6192355000419705 
6192355000419708 
6192355000419704 
6192355000419707 
6192355000419715 
6192355000419716 
6192355000419706 
6192355000419710 
6192355000419711 
6192355000419709 
6192355000419713 
6192355000419714 
6192355000419712 
6192355000421961 
6192355000421962 
6192355000421960 
6192355000421964 
6192355000421965 
6192355000421963 
6192355000421967 
6192355000421978 
6192355000421966 
6192355000421969 
6192355000421979 
6192355000437851 
6192355000421968 
6192355000421971 
6192355000421972 
6192355000421970 
6192355000421974 
6192355000421977 
6192355000421973 
6192355000467745 
6192355000467853 
6192355000467744 
6192355000467852 
6192355000467854 
6192355000468251 
6192355000467851 
6192355000467856 
6192355000467857 
6192355000467855 
6192355000468253 
6192355000468254 
6192355000468252 
6192355000467747 
6192355000467748 
6192355000467746 
6192355000467750 
6192355000467858 
6192355000467859 
6192355000467749 
6192355000467861 
6192355000467864 
6192355000468264 
6192355000467860 
6192355000467863 
6192355000467865 
6192355000467862 
6192355000468266 
6192355000468267 
6192355000468265 
6192354999936857 
6192354999871393 
6192354999871394 
6192354999871392 
6192354999871396 
6192354999871397 
6192354999871395 
6192354999871399 
6192354999871400 
6192354999871398 
6192354999871402 
6192354999871401 
6192354999871404 
6192354999871405 
6192354999871406 
6192354999871403 
6192354999871408 
6192354999871409 
6192354999871407 
6192354999871411 
6192354999871412 
6192354999871413 
6192354999871410 
6192354999871415 
6192354999871416 
6192354999871417 
6192354999871414 
6192354999871419 
6192354999871420 
6192354999871418 
6192354999871422 
6192354999871423 
6192354999871421 
6192354999871425 
6192354999871426 
6192354999871424 
6192354999871428 
6192354999871429 
6192354999871427 
6192354999871431 
6192355000258352 
6192354999871430 
6192354999871433 
6192354999871434 
6192354999871432 
6192354999871436 
6192354999871437 
6192354999871435 
6192354999871439 
6192354999871438 
6192355000258354 
6192355000258353 
6192354999871441 
6192354999871442 
6192354999871443 
6192354999871440 
6192354999871445 
6192354999871446 
6192354999871447 
6192354999871444 
6192354999871449 
6192354999871450 
6192354999871448 
6192354999871452 
6192354999871453 
6192354999871454 
6192354999871451 
6192354999871456 
6192354999871455 
6192354999982729 
6192354999982730 
6192354999982731 
6192354999982728 
6192354999982733 
6192354999982734 
6192354999982737 
6192354999982732 
6192354999982736 
6192354999982740 
6192354999982741 
6192354999982735 
6192354999982739 
6192354999982749 
6192354999982738 
6192354999982743 
6192354999982742 
6192354999982746 
6192354999983663 
6192354999982745 
6192354999982748 
6192354999982750 
6192355000002489 
6192354999982747 
6192354999983652 
6192354999983653 
6192354999983651 
6192354999983655 
6192354999983654 
6192354999983657 
6192354999983661 
6192354999983662 
6192354999983656 
6192354999983659 
6192354999983660 
6192354999983658 
6192355000002491 
6192355000002490 
6192355000026972 
6192355000026973 
6192355000026974 
6192355000026971 
6192355000026976 
6192355000026977 
6192355000026975 
6192355000026979 
6192355000026980 
6192355000219955 
6192355000026978 
6192355000026986 
6192355000026987 
6192355000026988 
6192355000026985 
6192355000033696 
6192355000033693 
6192355000033698 
6192355000033699 
6192355000033700 
6192355000033697 
6192355000033702 
6192355000033703 
6192355000033705 
6192355000033701 
6192355000219953 
6192355000219954 
6192355000219952 
6192355000219959 
6192355000219960 
6192355000219958 
6192355000219964 
6192355000219965 
6192355000219966 
6192355000219963 
6192355000033735 
6192355000033736 
6192355000033734 
6192355000033738 
6192355000033741 
6192355000033737 
6192355000033740 
6192355000033742 
6192355000033739 
6192355000033744 
6192355000033745 
6192355000033743 
6192355000033747 
6192355000035552 
6192355000035553 
6192355000033746 
6192355000033749 
6192355000033750 
6192355000035551 
6192355000033748 
6192355000035555 
6192355000035556 
6192355000035557 
6192355000035554 
6192355000193309 
6192355000198151 
6192355000193308 
6192355000198153 
6192355000198154 
6192355000198152 
6192355000198156 
6192355000198157 
6192355000198155 
6192355000198165 
6192355000198166 
6192355000198164 
6192355000198168 
6192355000198169 
6192355000198170 
6192355000198167 
6192355000198172 
6192355000198173 
6192355000198171 
6192355000198175 
6192355000231954 
6192355000198174 
6192355000231952 
6192355000231953 
6192355000231951 
6192355000231956 
6192355000231957 
6192355000231955 
6192355000254902 
6192355000254903 
6192355000254901 
6192355000254905 
6192355000254906 
6192355000254904 
6192355000254908 
6192355000254909 
6192355000254910 
6192355000254907 
6192355000254912 
6192355000254913 
6192355000254911 
6192355000254915 
6192355000254916 
6192355000254914 
6192355000254918 
6192355000254919 
6192355000254917 
6192355000254921 
6192355000254922 
6192355000254920 
6192355000254924 
6192355000254925 
6192355000254923 
6192355000731158 
6192355000731163 
6192355000731157 
6192355000731160 
6192355000731164 
6192355000731159 
6192355000731162 
6192355000731165 
6192355000731161 
6192354999936858 
6192354999871458 
6192354999871459 
6192355000179260 
6192354999871457 
6192354999871461 
6192354999871462 
6192354999871460 
6192354999871464 
6192354999871465 
6192354999871466 
6192355000718251 
6192354999871463 
6192354999871468 
6192354999871469 
6192354999871470 
6192354999871467 
6192354999871472 
6192354999871471 
6192355000179257 
6192355000179258 
6192355000179259 
6192355000179256 
6192354999936864 
6192354999871476 
6192354999871477 
6192354999871478 
6192354999871475 
6192354999871481 
6192355000302378 
6192354999871479 
6192354999871483 
6192355000302374 
6192354999871482 
6192354999871490 
6192354999871491 
6192355000302383 
6192354999871489 
6192355000302376 
6192355000302377 
6192355000302375 
6192355000302380 
6192355000302381 
6192355000302382 
6192355000302379 
6192354999936859 
6192354999871496 
6192354999871497 
6192354999871495 
6192354999871499 
6192354999871500 
6192354999871498 
6192354999871502 
6192354999871503 
6192354999871501 
6192354999871505 
6192354999871506 
6192354999871504 
6192354999871508 
6192354999871510 
6192354999871507 
6192354999871512 
6192354999871513 
6192354999871514 
6192354999871511 
6192354999936860 
6192354999871516 
6192354999871517 
6192354999871515 
6192354999871519 
6192354999871518 
6192354999871521 
6192354999871520 
6192354999871523 
6192354999871524 
6192354999871522 
6192354999871527 
6192354999871528 
6192354999871526 
6192354999871530 
6192354999871531 
6192354999871532 
6192354999871529 
6192354999871534 
6192354999871533 
6192354999871536 
6192354999871537 
6192354999871535 
6192354999871539 
6192354999871540 
6192354999871538 
6192354999871542 
6192354999871543 
6192354999871541 
6192354999871545 
6192354999871546 
6192354999871544 
6192354999936865 
6192354999871914 
6192354999871915 
6192354999871913 
6192354999871917 
6192354999871918 
6192354999871919 
6192354999871916 
6192354999871921 
6192354999871922 
6192354999871920 
6192354999871924 
6192354999871925 
6192354999871923 
6192354999871927 
6192354999871928 
6192354999871929 
6192354999871926 
6192354999871931 
6192354999871932 
6192354999871930 
6192354999936867 
6192354999871934 
6192354999871935 
6192354999871936 
6192354999871933 
6192354999871938 
6192354999871939 
6192354999871937 
6192354999871941 
6192354999871942 
6192354999871943 
6192354999871940 
6192354999871945 
6192354999871946 
6192354999871944 
6192354999871948 
6192354999871949 
6192354999871947 
6192354999871951 
6192354999871952 
6192354999871950 
6192354999871954 
6192354999871955 
6192354999871953 
6192354999871957 
6192354999871958 
6192354999871956 
6192354999884851 
6192354999936868 
6192354999871960 
6192354999871961 
6192354999871962 
6192354999940153 
6192354999871959 
6192354999871964 
6192354999871965 
6192354999940154 
6192354999871963 
6192354999871967 
6192354999940155 
6192354999871966 
6192354999871969 
6192354999871970 
6192354999871968 
6192354999871972 
6192354999871973 
6192354999871971 
6192354999871975 
6192354999871974 
6192354999871977 
6192354999871978 
6192354999871976 
6192354999871980 
6192354999871981 
6192354999871979 
6192354999871983 
6192354999871984 
6192354999871982 
6192354999871986 
6192354999871987 
6192354999871985 
6192354999871989 
6192354999871990 
6192354999871991 
6192354999871988 
6192354999871993 
6192354999871994 
6192354999871992 
6192354999871996 
6192354999871997 
6192354999871995 
6192354999871999 
6192354999872000 
6192354999871998 
6192354999872002 
6192354999872001 
6192354999872004 
6192354999872005 
6192354999872006 
6192354999872003 
6192355000183655 
6192355000183656 
6192355000183657 
6192355000183654 
6192354999936863 
6192354999872008 
6192354999872009 
6192354999872010 
6192354999872007 
6192354999872012 
6192354999872011 
6192354999872014 
6192354999872015 
6192354999940167 
6192354999872013 
6192354999872017 
6192354999872018 
6192354999872019 
6192354999872016 
6192354999872021 
6192354999872022 
6192354999872020 
6192354999872024 
6192354999872023 
6192354999872026 
6192354999872027 
6192354999872025 
6192354999940169 
6192354999940170 
6192354999940168 
6192354999872029 
6192354999872030 
6192355000302352 
6192355000302353 
6192354999872028 
6192354999872032 
6192354999872033 
6192354999872031 
6192354999872035 
6192354999872036 
6192354999872037 
6192354999872034 
6192354999936861 
6192354999872039 
6192354999872040 
6192354999872041 
6192354999872038 
6192354999872043 
6192354999872042 
6192354999872045 
6192354999872046 
6192354999872047 
6192354999872044 
6192354999872049 
6192354999872050 
6192354999872048 
6192354999872052 
6192354999872053 
6192354999872051 
6192354999872055 
6192354999872056 
6192354999872057 
6192354999872054 
6192354999936869 
6192354999872079 
6192354999872080 
6192354999872078 
6192354999872082 
6192354999872083 
6192354999872081 
6192354999872085 
6192354999872086 
6192354999872084 
6192354999872088 
6192354999872089 
6192354999872087 
6192354999936862 
6192354999872091 
6192354999872092 
6192354999872093 
6192354999872090 
6192354999872095 
6192354999872094 
6192354999872097 
6192354999872098 
6192354999872096 
6192354999872100 
6192354999872101 
6192354999872099 
6192354999872103 
6192354999872104 
6192354999872102 
6192354999872106 
6192354999872107 
6192354999872105 
6192354999872109 
6192354999872110 
6192354999872108 
6192354999872112 
6192354999872113 
6192354999872111 
6192354999872115 
6192354999872114 
6192354999872117 
6192354999872118 
6192354999872116 
6192354999872120 
6192354999872121 
6192354999872119 
6192354999872123 
6192354999872124 
6192354999872122 
6192354999872126 
6192354999872127 
6192354999872125 
6192354999872129 
6192354999872130 
6192354999872128 
6192354999872135 
6192354999872136 
6192354999872134 
6192354999872138 
6192354999872139 
6192354999872137 
6192354999872141 
6192354999872142 
6192354999872140 
6192354999872144 
6192354999872143 
6192354999872146 
6192354999872147 
6192354999872145 
6192354999872149 
6192354999872150 
6192354999872151 
6192354999872152 
6192354999872148 
6192354999872154 
6192354999872155 
6192354999872153 
6192355000531309 
6192355000531311 
6192355000531308 
6192355000531313 
6192355000531314 
6192355000531312 
6192355000531316 
6192355000531317 
6192355000531315 
6192355000531319 
6192355000531320 
6192355000531318 
6192355000531322 
6192355000531323 
6192355000531326 
6192355000531321 
6192355000531325 
6192355000531327 
6192355000531324 
6192354999922852 
6192354999872157 
6192354999872158 
6192354999872156 
6192354999872160 
6192354999872159 
6192354999872162 
6192354999872163 
6192354999872164 
6192354999872161 
6192354999872166 
6192354999872167 
6192354999872168 
6192354999872165 
6192354999872170 
6192354999872171 
6192355000597152 
6192354999872169 
6192354999872173 
6192354999872174 
6192354999872175 
6192354999872172 
6192354999872177 
6192354999872178 
6192354999872176 
6192354999872180 
6192354999872179 
6192354999872182 
6192354999872183 
6192355000597151 
6192354999872181 
6192355000012651 
6192354999872213 
6192354999872212 
6192354999872215 
6192354999872216 
6192354999872217 
6192354999872214 
6192354999872219 
6192354999872220 
6192354999872221 
6192354999872218 
6192354999872223 
6192354999872224 
6192354999872225 
6192354999872222 
6192354999872227 
6192354999872228 
6192354999872229 
6192354999872226 
6192354999872231 
6192354999872232 
6192354999872233 
6192354999872230 
6192355000332951 
6192354999872235 
6192354999872236 
6192354999872237 
6192354999872234 
6192354999872239 
6192354999872240 
6192354999872238 
6192354999872242 
6192354999872243 
6192354999872244 
6192354999872241 
6192354999872246 
6192354999872245 
6192354999872248 
6192354999872249 
6192354999872247 
6192354999872251 
6192354999872252 
6192354999872250 
6192354999872254 
6192354999872255 
6192354999872253 
6192355000274051 
6192354999872257 
6192354999872258 
6192354999872256 
6192354999872260 
6192354999872261 
6192354999872259 
6192354999872263 
6192354999872264 
6192354999872265 
6192354999872262 
6192354999872267 
6192354999872266 
6192354999872269 
6192354999872270 
6192354999872268 
6192354999872272 
6192354999872273 
6192354999872271 
6192355000441151 
6192354999872275 
6192354999872276 
6192354999872274 
6192354999872278 
6192354999872279 
6192354999872277 
6192354999872281 
6192354999872282 
6192354999872280 
6192354999872284 
6192354999872285 
6192354999872286 
6192354999872283 
6192354999872288 
6192354999872287 
6192354999872290 
6192354999872291 
6192354999872292 
6192354999872289 
6192354999872294 
6192354999872295 
6192354999872293 
6192354999872297 
6192354999872298 
6192354999872296 
6192354999872300 
6192354999872301 
6192354999872299 
6192355000441153 
6192354999872324 
6192354999872325 
6192354999872326 
6192354999872323 
6192354999872328 
6192354999872329 
6192354999872327 
6192354999872331 
6192354999872332 
6192354999872330 
6192354999872334 
6192354999872335 
6192354999872333 
6192354999872337 
6192354999872338 
6192354999872336 
6192354999872340 
6192354999872341 
6192354999872339 
6192354999872343 
6192354999872344 
6192354999872342 
6192355000441154 
6192354999872346 
6192354999872347 
6192354999872345 
6192354999872349 
6192354999872350 
6192354999872351 
6192354999872348 
6192354999872353 
6192354999872354 
6192354999872352 
6192354999872356 
6192354999872357 
6192354999872355 
6192354999872359 
6192354999872360 
6192354999872358 
6192354999872362 
6192354999872363 
6192354999872364 
6192355000270051 
6192354999872361 
6192354999872366 
6192354999872365 
6192354999872369 
6192354999872367 
6192354999872371 
6192354999872370 
6192354999872373 
6192354999872374 
6192354999872372 
6192355000270053 
6192355000270052 
6192355000028238 
6192355000447054 
6192354999936866 
6192354999932851 
6192354999936853 
6192354999937852 
6192354999937877 
6192354999937851 
6192354999937870 
6192354999937869 
6192354999937872 
6192354999937873 
6192354999937871 
6192354999937875 
6192354999937876 
6192354999937874 
6192354999937854 
6192354999937857 
6192354999937853 
6192354999937859 
6192354999937864 
6192354999937858 
6192354999937861 
6192354999937868 
6192354999937860 
6192354999937863 
6192354999937862 
6192354999937866 
6192354999937867 
6192354999937865 
6192354999937856 
6192354999937878 
6192354999937855 
6192354999937880 
6192354999937881 
6192354999937879 
6192354999937883 
6192354999937884 
6192354999937882 
6192354999937886 
6192354999937892 
6192355000182465 
6192354999937885 
6192354999937888 
6192354999937889 
6192354999937887 
6192354999937891 
6192354999937890 
6192355000062551 
6192354999937894 
6192354999937897 
6192354999937893 
6192354999937899 
6192354999937900 
6192354999937898 
6192354999937902 
6192354999937903 
6192354999937901 
6192354999938079 
6192354999938080 
6192354999938078 
6192354999964352 
6192355000130054 
6192355000134951 
6192355000138553 
6192355000130055 
6192355000134952 
6192355000138552 
6192355000130057 
6192355000134954 
6192355000138554 
6192355000130058 
6192355000130060 
6192355000130061 
6192355000130062 
6192355000130063 
6192355000139651 
6192355000130064 
6192355000130065 
6192355000637473 
6192355000637474 
6192355000637475 
6192355000637472 
6192355000637477 
6192355000637478 
6192355000637479 
6192355000637476 
6192355000637481 
6192355000637482 
6192355000637480 
6192355000637484 
6192355000637485 
6192355000637486 
6192355000637483 
6192355000637488 
6192355000637489 
6192355000637490 
6192355000637487 
6192355000130066 
6192355000130067 
6192355000130068 
6192355000140751 
6192355000130070 
6192355000140752 
6192355000130071 
6192355000130072 
6192355000130073 
6192355000130074 
6192355000130059 
6192355000452182 
6192354999948852 
6192354999948855 
6192354999948858 
6192354999948851 
6192354999948854 
6192354999948865 
6192354999948853 
6192354999948857 
6192354999948864 
6192354999948856 
6192354999948862 
6192354999948863 
6192354999948861 
6192354999948867 
6192354999948868 
6192354999948866 
6192354999948870 
6192354999948871 
6192354999948872 
6192354999948869 
6192354999948876 
6192354999948877 
6192354999948878 
6192354999948875 
6192354999948880 
6192354999948883 
6192354999948879 
6192354999948882 
6192354999948884 
6192354999948881 
6192354999964357 
6192354999948886 
6192354999948887 
6192354999948888 
6192354999948885 
6192354999948890 
6192354999948891 
6192354999948892 
6192354999948889 
6192354999948894 
6192354999948895 
6192354999948893 
6192354999964356 
6192354999948897 
6192354999948898 
6192354999948896 
6192354999948900 
6192354999948901 
6192354999948899 
6192354999948903 
6192354999948904 
6192355000183651 
6192354999948902 
6192354999948906 
6192354999948907 
6192354999948905 
6192354999964351 
6192354999948909 
6192354999948910 
6192354999948911 
6192354999948908 
6192354999948913 
6192354999948916 
6192354999948923 
6192354999948912 
6192354999948915 
6192354999948920 
6192354999948921 
6192354999948922 
6192354999948914 
6192354999948918 
6192354999948919 
6192354999948917 
6192355000341754 
6192354999948925 
6192354999948926 
6192354999948927 
6192354999948924 
6192354999948929 
6192354999948930 
6192354999948931 
6192354999948928 
6192354999948933 
6192354999948934 
6192354999948932 
6192354999964358 
6192354999948936 
6192354999948950 
6192354999952151 
6192354999948935 
6192354999952153 
6192354999952154 
6192354999952152 
6192354999952156 
6192354999952157 
6192354999952155 
6192354999952159 
6192354999952163 
6192354999952158 
6192354999952161 
6192354999952162 
6192354999952160 
6192354999964354 
6192354999948938 
6192354999948941 
6192354999948937 
6192354999948940 
6192354999948942 
6192354999948943 
6192354999948939 
6192354999948945 
6192354999948949 
6192354999948944 
6192354999948947 
6192354999948948 
6192354999948946 
6192354999964353 
6192355000130056 
6192355000134953 
6192355000145551 
6192355000130069 
6192354999965930 
6192354999965933 
6192354999965929 
6192354999965932 
6192354999965936 
6192354999965931 
6192354999965935 
6192354999965937 
6192354999965934 
6192354999965939 
6192354999965942 
6192354999965938 
6192354999965941 
6192354999965940 
6192354999965944 
6192354999965945 
6192354999965943 
6192354999965947 
6192354999965948 
6192354999966451 
6192354999966452 
6192354999965946 
6192354999976211 
6192354999976214 
6192354999976210 
6192354999976213 
6192354999976223 
6192354999976212 
6192354999976216 
6192354999976217 
6192354999976215 
6192354999976229 
6192354999976239 
6192354999976218 
6192354999976225 
6192354999976226 
6192354999976224 
6192354999976228 
6192354999976227 
6192354999976241 
6192354999976242 
6192354999976240 
6192354999976244 
6192354999976247 
6192354999976249 
6192354999976243 
6192354999976246 
6192354999976248 
6192354999976245 
6192355000437886 
6192355000437902 
6192355000437905 
6192355000437885 
6192355000437901 
6192355000437909 
6192355000437900 
6192355000437904 
6192355000437910 
6192355000437903 
6192355000437907 
6192355000437908 
6192355000437906 
6192355000437912 
6192355000437913 
6192355000437911 
6192355000437916 
6192355000437919 
6192355000437920 
6192355000437915 
6192355000437918 
6192355000437921 
6192355000437926 
6192355000437917 
6192355000437923 
6192355000437922 
6192355000437925 
6192355000437927 
6192355000437928 
6192355000437924 
6192355000467251 
6192354999976660 
6192354999976674 
6192354999976659 
6192354999976662 
6192354999976675 
6192354999976661 
6192354999976664 
6192354999976665 
6192354999976663 
6192354999976667 
6192354999976670 
6192354999976671 
6192354999976666 
6192354999976669 
6192354999976680 
6192354999976668 
6192354999976673 
6192354999976676 
6192354999976672 
6192354999976678 
6192354999976679 
6192354999976677 
6192355000474951 
6192355000734073 
6192355000734074 
6192355000734072 
6192355000021086 
6192355000021087 
6192355000021088 
6192355000021085 
6192355000021090 
6192355000021091 
6192355000021089 
6192355000415081 
6192355000415083 
6192355000421951 
6192355000415080 
6192355000415085 
6192355000415086 
6192355000415087 
6192355000415084 
6192355000415089 
6192355000415090 
6192355000419689 
6192355000415088 
6192355000415092 
6192355000415093 
6192355000415096 
6192355000415091 
6192355000415095 
6192355000415097 
6192355000415098 
6192355000415094 
6192355000419691 
6192355000419692 
6192355000419690 
6192355000421953 
6192355000421954 
6192355000421955 
6192355000421952 
6192355000437853 
6192355000437854 
6192355000437852 
6192355000437856 
6192355000437857 
6192355000437855 
6192355000437859 
6192355000437860 
6192355000437861 
6192355000437858 
6192355000437863 
6192355000437864 
6192355000437862 
6192355000437866 
6192355000437867 
6192355000437868 
6192355000437865 
6192355000437870 
6192355000437871 
6192355000437869 
6192355000437873 
6192355000437874 
6192355000437872 
6192355000437876 
6192355000437879 
6192355000437875 
6192355000437878 
6192355000437880 
6192355000437881 
6192355000437877 
6192355000437883 
6192355000437884 
6192355000437882 
6192355000463051 
6192355000004095 
6192355000004096 
6192355000004101 
6192355000004094 
6192355000004098 
6192355000004102 
6192355000004103 
6192355000004097 
6192355000004100 
6192355000004104 
6192355000004099 
6192355000683451 
6192354999991353 
6192354999991354 
6192354999991352 
6192354999991356 
6192354999991357 
6192354999991355 
6192354999991359 
6192354999991358 
6192354999991361 
6192354999991360 
6192354999991363 
6192354999991362 
6192354999991365 
6192354999991366 
6192354999991364 
6192354999991368 
6192354999991369 
6192354999991367 
6192354999991371 
6192354999991372 
6192354999991370 
6192354999991374 
6192354999991373 
6192354999991376 
6192354999991377 
6192354999991375 
6192354999991379 
6192354999991380 
6192354999991378 
6192354999991382 
6192354999991383 
6192354999991384 
6192354999991381 
6192354999991386 
6192354999991387 
6192354999991388 
6192354999991385 
6192354999991390 
6192354999991391 
6192354999991389 
6192354999991394 
6192354999991395 
6192354999991393 
6192354999991397 
6192354999991396 
6192354999991400 
6192355000588297 
6192354999991398 
6192354999991402 
6192354999991403 
6192354999991401 
6192354999991405 
6192354999991406 
6192354999991404 
6192354999991408 
6192354999991407 
6192354999991410 
6192354999991409 
6192354999991412 
6192355000588294 
6192354999991411 
6192355000588296 
6192355000588295 
6192354999991443 
6192354999991444 
6192354999991442 
6192354999991446 
6192354999991445 
6192354999991448 
6192354999991447 
6192354999991450 
6192354999991449 
6192354999991752 
6192354999991753 
6192354999991754 
6192354999991755 
6192354999991751 
6192354999991757 
6192354999991756 
6192354999991759 
6192354999991760 
6192354999991758 
6192354999991762 
6192354999991761 
6192354999991764 
6192354999991765 
6192354999991766 
6192354999991763 
6192354999991768 
6192354999991769 
6192354999991767 
6192354999991771 
6192354999991772 
6192354999991770 
6192354999991774 
6192354999991775 
6192354999991776 
6192354999991773 
6192354999991778 
6192354999991779 
6192354999991780 
6192354999991777 
6192354999991351 
6192355000261451 
6192354999996360 
6192354999996361 
6192354999996359 
6192354999996363 
6192354999996364 
6192354999996362 
6192354999996366 
6192354999996367 
6192354999996365 
6192354999996369 
6192354999996370 
6192354999996368 
6192354999996372 
6192354999996373 
6192354999996371 
6192354999996375 
6192354999996376 
6192354999996377 
6192354999996374 
6192354999995490 
6192355000004060 
6192355000004061 
6192355000004147 
6192355000004059 
6192355000004064 
6192355000004071 
6192355000004063 
6192355000004066 
6192355000004067 
6192355000004068 
6192355000004065 
6192355000004070 
6192355000004069 
6192355000004073 
6192355000004074 
6192355000004075 
6192355000004072 
6192355000004077 
6192355000004078 
6192355000004079 
6192355000004076 
6192355000004081 
6192355000666990 
6192355000004080 
6192355000004089 
6192355000004090 
6192355000004091 
6192355000004088 
6192355000666989 
6192355000666988 
6192355000666992 
6192355000666994 
6192355000666995 
6192355000666991 
6192355000004149 
6192355000004150 
6192355000004148 
6192355000005552 
6192355000005553 
6192355000005551 
6192355000005555 
6192355000005556 
6192355000005554 
6192355000005558 
6192355000005559 
6192355000005567 
6192355000005557 
6192355000005561 
6192355000005562 
6192355000005560 
6192355000005564 
6192355000005566 
6192355000005563 
6192355000005569 
6192355000005570 
6192355000005568 
6192355000021058 
6192355000021059 
6192355000021060 
6192355000021057 
6192355000021062 
6192355000021063 
6192355000021064 
6192355000021061 
6192355000021106 
6192355000021107 
6192355000021108 
6192355000021105 
6192355000321252 
6192355000338851 
6192355000004093 
6192355000004128 
6192355000004129 
6192355000004092 
6192355000004131 
6192355000004132 
6192355000004130 
6192355000004134 
6192355000004135 
6192355000004136 
6192355000004133 
6192355000004138 
6192355000004144 
6192355000004137 
6192355000004140 
6192355000004145 
6192355000004146 
6192355000004139 
6192355000004142 
6192355000004143 
6192355000004141 
6192355000450351 
6192355000012781 
6192355000012782 
6192355000012783 
6192355000012780 
6192355000012785 
6192355000012786 
6192355000012784 
6192355000012788 
6192355000012789 
6192355000012792 
6192355000012787 
6192355000012794 
6192355000012797 
6192355000012793 
6192355000012796 
6192355000012801 
6192355000012795 
6192355000012799 
6192355000012802 
6192355000012798 
6192355000449759 
6192355000651852 
6192355000651853 
6192355000651894 
6192355000651851 
6192355000651855 
6192355000651856 
6192355000651854 
6192355000651858 
6192355000651859 
6192355000651857 
6192355000651861 
6192355000651862 
6192355000651860 
6192355000651864 
6192355000651865 
6192355000651866 
6192355000651863 
6192355000651868 
6192355000651869 
6192355000651867 
6192355000651871 
6192355000651872 
6192355000651873 
6192355000651870 
6192355000651875 
6192355000651876 
6192355000651877 
6192355000651874 
6192355000321251 
6192355000338852 
6192355000030468 
6192355000030469 
6192355000030470 
6192355000030471 
6192355000033707 
6192355000033712 
6192355000033713 
6192355000033706 
6192355000033711 
6192355000033720 
6192355000033729 
6192355000033710 
6192355000033715 
6192355000033716 
6192355000033714 
6192355000033718 
6192355000033719 
6192355000033717 
6192355000033722 
6192355000033723 
6192355000033724 
6192355000033721 
6192355000033726 
6192355000033727 
6192355000033728 
6192355000033725 
6192355000033731 
6192355000033732 
6192355000033733 
6192355000033730 
6192355000697638 
6192355000697637 
6192355000697640 
6192355000697639 
6192355000697642 
6192355000697643 
6192355000697641 
6192355000697645 
6192355000697644 
6192355000697647 
6192355000697646 
6192355000697649 
6192355000697650 
6192355000698351 
6192355000697648 
6192355000377751 
6192355000474551 
6192355000424753 
6192355000451451 
6192355000424751 
6192355000451453 
6192355000451454 
6192355000451452 
6192355000455551 
6192355000068061 
6192355000068074 
6192355000068079 
6192355000068060 
6192355000068063 
6192355000068064 
6192355000068065 
6192355000068062 
6192355000068067 
6192355000068072 
6192355000068066 
6192355000068069 
6192355000068077 
6192355000068068 
6192355000068071 
6192355000068073 
6192355000068070 
6192355000068076 
6192355000068078 
6192355000109275 
6192355000068075 
6192355000143056 
6192355000143057 
6192355000143055 
6192355000267051 
6192355000092133 
6192355000092132 
6192355000092138 
6192355000092139 
6192355000092137 
6192355000092141 
6192355000092142 
6192355000092146 
6192355000092140 
6192355000092144 
6192355000092145 
6192355000092143 
6192355000092100 
6192355000092147 
6192355000092099 
6192355000092149 
6192355000092150 
6192355000092148 
6192355000097552 
6192355000097553 
6192355000097551 
6192355000097555 
6192355000097556 
6192355000097554 
6192355000097558 
6192355000097566 
6192355000097557 
6192355000097563 
6192355000097562 
6192355000097565 
6192355000097567 
6192355000097564 
6192355000731170 
6192355000731171 
6192355000731172 
6192355000731169 
6192355000731177 
6192355000731178 
6192355000731179 
6192355000731176 
6192355000731181 
6192355000731182 
6192355000731180 
6192355000734063 
6192355000734062 
6192355000734065 
6192355000734066 
6192355000734067 
6192355000734068 
6192355000734064 
6192355000734070 
6192355000734071 
6192355000734069 
6192355000212151 
6192355000447052 
6192355000345352 
6192355000345353 
6192355000345354 
6192355000345351 
6192355000345356 
6192355000345357 
6192355000345358 
6192355000345355 
6192355000345360 
6192355000345359 
6192355000345362 
6192355000345363 
6192355000345361 
6192355000345365 
6192355000345364 
6192355000345367 
6192355000345368 
6192355000345369 
6192355000345366 
6192355000345372 
6192355000345373 
6192355000345374 
6192355000345370 
6192355000345376 
6192355000345377 
6192355000345375 
6192355000447051 
6192355000126660 
6192355000126661 
6192355000126659 
6192355000126663 
6192355000126662 
6192355000126665 
6192355000126666 
6192355000126664 
6192355000126668 
6192355000127475 
6192355000126667 
6192355000126670 
6192355000126669 
6192355000126675 
6192355000127476 
6192355000126674 
6192355000441152 
6192355000146852 
6192355000146853 
6192355000146854 
6192355000146851 
6192355000146856 
6192355000146868 
6192355000146855 
6192355000146858 
6192355000146859 
6192355000146860 
6192355000146857 
6192355000146862 
6192355000146863 
6192355000146861 
6192355000146865 
6192355000146866 
6192355000146867 
6192355000146864 
6192355000146870 
6192355000146871 
6192355000146922 
6192355000146869 
6192355000146874 
6192355000146879 
6192355000146873 
6192355000146921 
6192355000146920 
6192355000146924 
6192355000146925 
6192355000146930 
6192355000146923 
6192355000146929 
6192355000146931 
6192355000146932 
6192355000146928 
6192355000261452 
6192355000146881 
6192355000146882 
6192355000146880 
6192355000146884 
6192355000146885 
6192355000146886 
6192355000146883 
6192355000146888 
6192355000146889 
6192355000146890 
6192355000146887 
6192355000447055 
6192355000717277 
6192355000717278 
6192355000717279 
6192355000717276 
6192355000717281 
6192355000717291 
6192355000717280 
6192355000717283 
6192355000717284 
6192355000717282 
6192355000717286 
6192355000717287 
6192355000717285 
6192355000717289 
6192355000717290 
6192355000717288 
6192355000717293 
6192355000717294 
6192355000717292 
6192355000717296 
6192355000717297 
6192355000717295 
6192355000734076 
6192355000734077 
6192355000734075 
6192355000153101 
6192355000153105 
6192355000153100 
6192355000153103 
6192355000153104 
6192355000153102 
6192355000153107 
6192355000153108 
6192355000153106 
6192355000520272 
6192355000520273 
6192355000525067 
6192355000520271 
6192355000520275 
6192355000525102 
6192355000520274 
6192355000525069 
6192355000525074 
6192355000525068 
6192355000525071 
6192355000525075 
6192355000525070 
6192355000525073 
6192355000525099 
6192355000525072 
6192355000525077 
6192355000525078 
6192355000525076 
6192355000525080 
6192355000525079 
6192355000525082 
6192355000525105 
6192355000525081 
6192355000525084 
6192355000525085 
6192355000525083 
6192355000525087 
6192355000525086 
6192355000525089 
6192355000525088 
6192355000525091 
6192355000525090 
6192355000525093 
6192355000525092 
6192355000525095 
6192355000525094 
6192355000525097 
6192355000525098 
6192355000525096 
6192355000525101 
6192355000525100 
6192355000525104 
6192355000525103 
6192355000525113 
6192355000525114 
6192355000525112 
6192355000550172 
6192355000550171 
6192355000550175 
6192355000550176 
6192355000550177 
6192355000550174 
6192355000550179 
6192355000550178 
6192355000550181 
6192355000550182 
6192355000550183 
6192355000550180 
6192355000350852 
6192355000449754 
6192355000452154 
6192355000452155 
6192355000452156 
6192355000452171 
6192355000452157 
6192355000452158 
6192355000452172 
6192355000452173 
6192355000452174 
6192355000452160 
6192355000452161 
6192355000452162 
6192355000452163 
6192355000452175 
6192355000452164 
6192355000452165 
6192355000452166 
6192355000452176 
6192355000452177 
6192355000452167 
6192355000452168 
6192355000452169 
6192355000452178 
6192355000452170 
6192355000452179 
6192355000452180 
6192355000452159 
6192355000653052 
6192355000653053 
6192355000653054 
6192355000653051 
6192355000653056 
6192355000653061 
6192355000653055 
6192355000653058 
6192355000653069 
6192355000653057 
6192355000653060 
6192355000653059 
6192355000653063 
6192355000653079 
6192355000653062 
6192355000653065 
6192355000653074 
6192355000653064 
6192355000653067 
6192355000653068 
6192355000653066 
6192355000653071 
6192355000653070 
6192355000653073 
6192355000653082 
6192355000653072 
6192355000653076 
6192355000653075 
6192355000653078 
6192355000653077 
6192355000653081 
6192355000653083 
6192355000653080 
6192355000653085 
6192355000653086 
6192355000653084 
6192355000270656 
6192355000270657 
6192355000271151 
6192355000198353 
6192355000270659 
6192355000270660 
6192355000270661 
6192355000270658 
6192355000270663 
6192355000270664 
6192355000270665 
6192355000270662 
6192355000341751 
6192355000198352 
6192355000270651 
6192355000270652 
6192355000198351 
6192355000270654 
6192355000270655 
6192355000270683 
6192355000270653 
6192355000341753 
6192355000270673 
6192355000270674 
6192355000270672 
6192355000270676 
6192355000270675 
6192355000270678 
6192355000270679 
6192355000270677 
6192355000270681 
6192355000270682 
6192355000270680 
6192355000341752 
6192355000212153 
6192355000212154 
6192355000212155 
6192355000212152 
6192355000212157 
6192355000212158 
6192355000212159 
6192355000212156 
6192355000212161 
6192355000212162 
6192355000212163 
6192355000212160 
6192355000212165 
6192355000212166 
6192355000212167 
6192355000212164 
6192355000212169 
6192355000212170 
6192355000212168 
6192355000212172 
6192355000212173 
6192355000212171 
6192355000337951 
6192355000231959 
6192355000231960 
6192355000231961 
6192355000231958 
6192355000231965 
6192355000231966 
6192355000231969 
6192355000231964 
6192355000231968 
6192355000231967 
6192355000231971 
6192355000231972 
6192355000231970 
6192355000231974 
6192355000231975 
6192355000231973 
6192355000231977 
6192355000231978 
6192355000231976 
6192355000231980 
6192355000231981 
6192355000231982 
6192355000231979 
6192355000369251 
6192355000370851 
6192355000232031 
6192355000232032 
6192355000237262 
6192355000232030 
6192355000232034 
6192355000232035 
6192355000232033 
6192355000237264 
6192355000237265 
6192355000237263 
6192355000436952 
6192355000495251 
6192355000331352 
6192355000331353 
6192355000331351 
6192355000331355 
6192355000331356 
6192355000331357 
6192355000331354 
6192355000331359 
6192355000331360 
6192355000331358 
6192355000341755 
6192355000254352 
6192355000254353 
6192355000254354 
6192355000254351 
6192355000254356 
6192355000254357 
6192355000254358 
6192355000254355 
6192355000254360 
6192355000254361 
6192355000254359 
6192355000254363 
6192355000254364 
6192355000254365 
6192355000254362 
6192355000336351 
6192355000270055 
6192355000270056 
6192355000270054 
6192355000270058 
6192355000270059 
6192355000270057 
6192355000270061 
6192355000270062 
6192355000270060 
6192355000270066 
6192355000270067 
6192355000270065 
6192355000270069 
6192355000270070 
6192355000270071 
6192355000270068 
6192355000270073 
6192355000270080 
6192355000475551 
6192355000270072 
6192355000270075 
6192355000270076 
6192355000270077 
6192355000270074 
6192355000270082 
6192355000270083 
6192355000270081 
6192355000492651 
6192355000276338 
6192355000276339 
6192355000276337 
6192355000276341 
6192355000276342 
6192355000276343 
6192355000276344 
6192355000276340 
6192355000276346 
6192355000276347 
6192355000276345 
6192355000277551 
6192355000277552 
6192355000276350 
6192355000449758 
6192355000302079 
6192355000302084 
6192355000302078 
6192355000302081 
6192355000302085 
6192355000302080 
6192355000302083 
6192355000302086 
6192355000302082 
6192355000302088 
6192355000302089 
6192355000302087 
6192355000302091 
6192355000302092 
6192355000302090 
6192355000302094 
6192355000302095 
6192355000302096 
6192355000302093 
6192355000302098 
6192355000302099 
6192355000302097 
6192355000302108 
6192355000302107 
6192355000302110 
6192355000302111 
6192355000302109 
6192355000302113 
6192355000302114 
6192355000302112 
6192355000500152 
6192355000611951 
6192355000284468 
6192355000284469 
6192355000284467 
6192355000284471 
6192355000284472 
6192355000284470 
6192355000284474 
6192355000284475 
6192355000284473 
6192355000288051 
6192355000468352 
6192355000468353 
6192355000468351 
6192355000468355 
6192355000468356 
6192355000468357 
6192355000468354 
6192355000468359 
6192355000468360 
6192355000468361 
6192355000468358 
6192355000468363 
6192355000468364 
6192355000468362 
6192355000468366 
6192355000468367 
6192355000468365 
6192355000468420 
6192355000468421 
6192355000468419 
6192355000468423 
6192355000468424 
6192355000468425 
6192355000468422 
6192355000449751 
6192355000285139 
6192355000285140 
6192355000285141 
6192355000285138 
6192355000285143 
6192355000285144 
6192355000285142 
6192355000285146 
6192355000285147 
6192355000285145 
6192355000468369 
6192355000468370 
6192355000468368 
6192355000468372 
6192355000468373 
6192355000468374 
6192355000468371 
6192355000468376 
6192355000468377 
6192355000468378 
6192355000468375 
6192355000468380 
6192355000468381 
6192355000468379 
6192355000468383 
6192355000468384 
6192355000468382 
6192355000449752 
6192355000285212 
6192355000285213 
6192355000285211 
6192355000285215 
6192355000285216 
6192355000285214 
6192355000468403 
6192355000468404 
6192355000468402 
6192355000468406 
6192355000468407 
6192355000468408 
6192355000468405 
6192355000468410 
6192355000468411 
6192355000468412 
6192355000468409 
6192355000468414 
6192355000468415 
6192355000468413 
6192355000468417 
6192355000468418 
6192355000468416 
6192355000449753 
6192355000452181 
6192355000451852 
6192355000451853 
6192355000451851 
6192355000451855 
6192355000451856 
6192355000451857 
6192355000451854 
6192355000451859 
6192355000451860 
6192355000451861 
6192355000451858 
6192355000451863 
6192355000451864 
6192355000451862 
6192355000451866 
6192355000451867 
6192355000451865 
6192355000451869 
6192355000451870 
6192355000451871 
6192355000451868 
6192355000451873 
6192355000451874 
6192355000451875 
6192355000451876 
6192355000451877 
6192355000451872 
6192355000451879 
6192355000451880 
6192355000451881 
6192355000451878 
6192355000451883 
6192355000451884 
6192355000451885 
6192355000451882 
6192355000451887 
6192355000451888 
6192355000451886 
6192355000451890 
6192355000451891 
6192355000451892 
6192355000451889 
6192355000449755 
6192355000302116 
6192355000302117 
6192355000302115 
6192355000302119 
6192355000302120 
6192355000302118 
6192355000302123 
6192355000302124 
6192355000302122 
6192355000302126 
6192355000302127 
6192355000486401 
6192355000302125 
6192355000375687 
6192355000375686 
6192355000486399 
6192355000710051 
6192355000486398 
6192355000486403 
6192355000486406 
6192355000486407 
6192355000486402 
6192355000486405 
6192355000486410 
6192355000486404 
6192355000486409 
6192355000486411 
6192355000486408 
6192355000710053 
6192355000710060 
6192355000710052 
6192355000710055 
6192355000710059 
6192355000710054 
6192355000710057 
6192355000710058 
6192355000710056 
6192355000556252 
6192355000556253 
6192355000556251 
6192355000556255 
6192355000556256 
6192355000710061 
6192355000556254 
6192355000556258 
6192355000556257 
6192355000556260 
6192355000556261 
6192355000556259 
6192355000556263 
6192355000556264 
6192355000556262 
6192355000556266 
6192355000556267 
6192355000556268 
6192355000556269 
6192355000556265 
6192355000710063 
6192355000710064 
6192355000710062 
6192355000710066 
6192355000710067 
6192355000710065 
6192355000710071 
6192355000710072 
6192355000710070 
6192355000500151 
6192355000508758 
6192355000724479 
6192355000724482 
6192355000469967 
6192355000724484 
6192355000724485 
6192355000724483 
6192355000724487 
6192355000724493 
6192355000724486 
6192355000724491 
6192355000724492 
6192355000724490 
6192355000717343 
6192355000717344 
6192355000717345 
6192355000717342 
6192355000717347 
6192355000717348 
6192355000717346 
6192355000717350 
6192355000724451 
6192355000724452 
6192355000717349 
6192355000724458 
6192355000724476 
6192355000724457 
6192355000724460 
6192355000724461 
6192355000724459 
6192355000724463 
6192355000724462 
6192355000724465 
6192355000724466 
6192355000724464 
6192355000724468 
6192355000724471 
6192355000724467 
6192355000724474 
6192355000724475 
6192355000724473 
6192355000724478 
6192355000724477 
6192355000318551 
6192355000313752 
6192355000313753 
6192355000313751 
6192355000313756 
6192355000313757 
6192355000313755 
6192355000313759 
6192355000313760 
6192355000313758 
6192355000313762 
6192355000313763 
6192355000313764 
6192355000313761 
6192355000313766 
6192355000313767 
6192355000313768 
6192355000313765 
6192355000313770 
6192355000313771 
6192355000313769 
6192355000313773 
6192355000313774 
6192355000313772 
6192355000449756 
6192355000452183 
6192355000347652 
6192355000347653 
6192355000347654 
6192355000347651 
6192355000347656 
6192355000347657 
6192355000347658 
6192355000347655 
6192355000347660 
6192355000347661 
6192355000347662 
6192355000347663 
6192355000347659 
6192355000347665 
6192355000347664 
6192355000347667 
6192355000347668 
6192355000347666 
6192355000347670 
6192355000347669 
6192355000347672 
6192355000347673 
6192355000347671 
6192355000347675 
6192355000347676 
6192355000347674 
6192355000447053 
6192355000348958 
6192355000348959 
6192355000348957 
6192355000348961 
6192355000348962 
6192355000348960 
6192355000348964 
6192355000348965 
6192355000348963 
6192355000348967 
6192355000348968 
6192355000348966 
6192355000348970 
6192355000348971 
6192355000348969 
6192355000348973 
6192355000348974 
6192355000348972 
6192355000348976 
6192355000348977 
6192355000348975 
6192355000348979 
6192355000348980 
6192355000348978 
6192355000358452 
6192355000358453 
6192355000358454 
6192355000358451 
6192355000358456 
6192355000358457 
6192355000358458 
6192355000358455 
6192355000358464 
6192355000358465 
6192355000358466 
6192355000358463 
6192355000358468 
6192355000358469 
6192355000358467 
6192355000358471 
6192355000358472 
6192355000358470 
6192355000358474 
6192355000358475 
6192355000358476 
6192355000358473 
6192355000367352 
6192355000367353 
6192355000367351 
6192355000367355 
6192355000367356 
6192355000367357 
6192355000367354 
6192355000367359 
6192355000367360 
6192355000367361 
6192355000367358 
6192355000367363 
6192355000367364 
6192355000367362 
6192355000367366 
6192355000367367 
6192355000367368 
6192355000367365 
6192355000367370 
6192355000367371 
6192355000367372 
6192355000367369 
6192355000367374 
6192355000367375 
6192355000367376 
6192355000367373 
6192355000367377 
6192355000370452 
6192355000370453 
6192355000370454 
6192355000370455 
6192355000370451 
6192355000370457 
6192355000370458 
6192355000370456 
6192355000370460 
6192355000370461 
6192355000370459 
6192355000370463 
6192355000370464 
6192355000370465 
6192355000370462 
6192355000370467 
6192355000370470 
6192355000370466 
6192355000370472 
6192355000370475 
6192355000370471 
6192355000370474 
6192355000370476 
6192355000370477 
6192355000370473 
6192355000370479 
6192355000370480 
6192355000370478 
6192355000373651 Souflleur
6192355000379007 
6192355000379008 
6192355000379009 
6192355000379010 
6192355000379006 
6192355000379012 
6192355000379013 
6192355000379011 
6192355000379015 
6192355000379016 
6192355000379019 
6192355000379014 
6192355000379021 
6192355000379022 
6192355000379023 
6192355000379020 
6192355000379027 
6192355000379028 
6192355000379029 
6192355000379030 
6192355000379031 
6192355000379026 
6192355000379033 
6192355000379032 
6192355000379035 
6192355000379036 
6192355000379037 
6192355000379034 
6192355000379039 
6192355000379040 
6192355000379041 
6192355000379038 
6192355000379043 
6192355000379046 
6192355000379042 
6192355000379045 
6192355000379047 
6192355000379050 
6192355000379044 
6192355000379049 
6192355000379251 
6192355000379252 
6192355000379253 
6192355000379048 
6192355000379255 
6192355000379256 
6192355000379254 
6192355000379258 
6192355000379261 
6192355000379262 
6192355000379257 
6192355000379260 
6192355000379263 
6192355000379264 
6192355000379259 
6192355000379266 
6192355000379265 
6192355000379268 
6192355000379267 
6192355000379270 
6192355000379269 
6192355000379272 
6192355000379273 
6192355000379271 
6192355000379275 
6192355000379276 
6192355000379274 
6192355000517836 
6192355000517839 
6192355000517844 
6192355000517835 
6192355000517838 
6192355000517846 
6192355000517837 
6192355000517841 
6192355000517840 
6192355000517843 
6192355000517845 
6192355000517842 
6192355000517848 
6192355000517849 
6192355000517847 
6192355000520251 
6192355000517850 
6192355000520253 
6192355000520257 
6192355000520252 
6192355000520255 
6192355000520256 
6192355000520254 
6192355000520259 
6192355000520260 
6192355000520258 
6192355000710088 
6192355000710089 
6192355000710087 
6192355000710091 
6192355000710092 
6192355000710090 
6192355000710094 
6192355000710095 
6192355000710093 
6192355000710097 
6192355000710098 
6192355000710096 
6192355000552282 
6192355000552285 
6192355000552281 
6192355000552284 
6192355000552286 
6192355000552283 
6192355000552288 
6192355000552289 
6192355000552290 
6192355000552287 
6192355000552292 
6192355000552291 
6192355000552294 
6192355000552293 
6192355000552296 
6192355000552295 
6192355000552298 
6192355000552299 
6192355000552297 
6192355000552301 
6192355000552300 
6192355000552303 
6192355000552304 
6192355000552302 
6192355000697566 
6192355000697567 
6192355000697586 
6192355000697589 
6192355000697565 
6192355000697569 
6192355000697568 
6192355000697571 
6192355000697570 
6192355000697573 
6192355000697572 
6192355000697575 
6192355000697574 
6192355000697577 
6192355000697578 
6192355000697576 
6192355000697580 
6192355000697581 
6192355000697582 
6192355000697583 
6192355000697579 
6192355000697585 
6192355000697584 
6192355000697588 
6192355000697587 
6192355000697591 
6192355000697590 
6192355000697593 
6192355000697594 
6192355000697592 
6192355000697596 
6192355000697595 
6192355000697598 
6192355000697599 
6192355000697600 
6192355000697597 
6192355000698362 
6192355000698365 
6192355000698361 
6192355000698364 
6192355000698363 
6192355000698367 
6192355000698366 
6192355000698369 
6192355000698368 
6192355000698371 
6192355000698370 
6192355000698373 
6192355000698372 
6192355000698375 
6192355000698374 
6192355000698377 
6192355000698376 
6192355000698379 
6192355000698378 
6192355000698381 
6192355000698382 
6192355000698380 
6192355000557351 
6192355000378985 
6192355000378986 
6192355000378984 
6192355000378988 
6192355000378989 
6192355000378987 
6192355000378991 
6192355000378992 
6192355000378993 
6192355000378990 
6192355000378995 
6192355000378998 
6192355000378994 
6192355000378997 
6192355000378999 
6192355000379000 
6192355000378996 
6192355000379002 
6192355000379003 
6192355000379001 
6192355000548151 
6192355000397252 
6192355000397253 
6192355000397254 
6192355000397251 
6192355000397256 
6192355000397257 
6192355000397258 
6192355000397255 
6192355000397260 
6192355000397261 
6192355000397262 
6192355000397259 
6192355000397264 
6192355000397265 
6192355000397266 
6192355000397263 
6192355000397268 
6192355000397269 
6192355000397270 
6192355000397267 
6192355000397272 
6192355000397273 
6192355000397271 
6192355000397275 
6192355000397276 
6192355000397274 
6192355000397278 
6192355000397279 
6192355000397277 
6192355000467252 
6192355000406176 
6192355000406177 
6192355000406175 
6192355000406179 
6192355000406180 
6192355000406178 
6192355000406182 
6192355000406183 
6192355000406181 
6192355000449757 
6192355000452184 
6192355000415853 
6192355000415854 
6192355000415852 
6192355000415856 
6192355000415857 
6192355000415855 
6192355000415859 
6192355000415860 
6192355000415858 
6192355000415851 
6192355000425354 
6192355000425355 
6192355000425353 
6192355000436052 
6192355000436053 
6192355000436051 
6192355000436055 
6192355000436056 
6192355000436054 
6192355000436058 
6192355000436059 
6192355000436060 
6192355000436057 
6192355000425352 
6192355000425397 
6192355000425398 
6192355000425399 
6192355000425400 
6192355000465462 
6192355000465656 
6192355000465461 
6192355000465658 
6192355000465664 
6192355000465657 
6192355000465660 
6192355000465665 
6192355000465659 
6192355000465662 
6192355000465663 
6192355000465661 
6192355000472251 
6192355000466152 
6192355000466153 
6192355000466151 
6192355000466155 
6192355000466156 
6192355000466154 
6192355000466158 
6192355000466159 
6192355000466157 
6192355000466161 
6192355000466162 
6192355000466160 
6192355000466164 
6192355000466165 
6192355000466166 
6192355000466163 
6192355000466168 
6192355000466169 
6192355000466167 
6192355000466171 
6192355000466172 
6192355000466173 
6192355000466170 
6192355000466175 
6192355000466176 
6192355000466177 
6192355000466174 
6192355000466179 
6192355000466180 
6192355000466181 
6192355000466178 
6192355000466956 
6192355000466352 
6192355000466353 
6192355000466354 
6192355000466351 
6192355000466356 
6192355000466355 
6192355000466358 
6192355000466359 
6192355000466357 
6192355000466361 
6192355000466362 
6192355000466360 
6192355000466364 
6192355000466365 
6192355000466363 
6192355000466957 
6192355000466367 
6192355000466368 
6192355000466369 
6192355000466370 
6192355000466366 
6192355000466372 
6192355000466373 
6192355000466374 
6192355000466375 
6192355000466371 
6192355000466377 
6192355000466378 
6192355000466379 
6192355000466376 
6192355000466381 
6192355000466382 
6192355000466383 
6192355000466380 
6192355000466385 
6192355000466386 
6192355000466387 
6192355000466384 
6192355000466389 
6192355000466390 
6192355000466391 
6192355000466388 
6192355000466393 
6192355000466394 
6192355000466392 
6192355000466396 
6192355000466397 
6192355000466395 
6192355000466399 
6192355000466400 
6192355000466401 
6192355000466398 
6192355000466403 
6192355000466404 
6192355000466402 
6192355000466955 
6192355000466406 
6192355000466407 
6192355000466408 
6192355000466405 
6192355000466410 
6192355000466411 
6192355000466409 
6192355000466413 
6192355000466414 
6192355000466412 
6192355000466416 
6192355000466417 
6192355000466415 
6192355000466419 
6192355000466418 
6192355000466421 
6192355000466422 
6192355000466423 
6192355000466420 
6192355000466425 
6192355000466426 
6192355000466427 
6192355000466424 
6192355000466429 
6192355000466430 
6192355000466431 
6192355000466428 
6192355000466433 
6192355000466434 
6192355000466432 
6192355000466436 
6192355000466437 
6192355000466435 
6192355000466439 
6192355000466440 
6192355000466441 
6192355000466438 
6192355000466443 
6192355000466444 
6192355000466445 
6192355000466442 
6192355000466447 
6192355000466448 
6192355000466446 
6192355000466450 
6192355000466451 
6192355000466452 
6192355000466449 
6192355000466454 
6192355000466455 
6192355000466456 
6192355000466453 
6192355000466458 
6192355000466459 
6192355000466457 
6192355000466461 
6192355000466462 
6192355000466463 
6192355000466460 
6192355000466954 
6192355000466494 
6192355000466495 
6192355000466496 
6192355000466493 
6192355000466498 
6192355000466499 
6192355000466497 
6192355000466501 
6192355000466502 
6192355000466500 
6192355000466504 
6192355000466505 
6192355000466503 
6192355000466507 
6192355000466508 
6192355000466506 
6192355000466510 
6192355000466511 
6192355000466509 
6192355000466513 
6192355000466514 
6192355000466515 
6192355000466512 
6192355000466517 
6192355000466518 
6192355000466516 
6192355000466520 
6192355000466521 
6192355000466519 
6192355000466523 
6192355000466524 
6192355000466525 
6192355000466522 
6192355000466527 
6192355000466528 
6192355000466529 
6192355000466526 
6192355000466531 
6192355000466532 
6192355000466530 
6192355000466534 
6192355000466535 
6192355000466533 
6192355000466537 
6192355000466538 
6192355000466536 
6192355000466540 
6192355000466541 
6192355000466539 
6192355000466543 
6192355000466544 
6192355000466542 
6192355000466546 
6192355000466547 
6192355000466545 
6192355000466549 
6192355000466550 
6192355000466548 
6192355000466652 
6192355000466653 
6192355000466654 
6192355000466651 
6192355000466958 
6192355000467053 
6192355000467054 
6192355000467055 
6192355000467052 
6192355000467057 
6192355000467058 
6192355000467059 
6192355000467056 
6192355000467061 
6192355000467062 
6192355000467063 
6192355000467060 
6192355000467065 
6192355000467066 
6192355000467064 
6192355000467051 
6192355000500208 
6192355000495281 
6192355000495282 
6192355000495280 
6192355000495284 
6192355000495285 
6192355000495283 
6192355000495287 
6192355000495288 
6192355000495286 
6192355000495290 
6192355000495291 
6192355000495289 
6192355000495252 
6192355000495292 
6192355000500230 
6192355000500231 
6192355000500232 
6192355000500229 
6192355000500234 
6192355000500233 
6192355000500236 
6192355000500237 
6192355000500235 
6192355000500239 
6192355000500240 
6192355000500238 
6192355000500242 
6192355000500243 
6192355000500244 
6192355000500241 
6192355000500209 
6192355000503653 
6192355000503654 
6192355000503655 
6192355000503652 
6192355000503657 
6192355000503658 
6192355000503659 
6192355000503656 
6192355000503661 
6192355000503662 
6192355000503660 
6192355000503664 
6192355000503665 
6192355000503663 
6192355000503667 
6192355000503666 
6192355000503669 
6192355000503670 
6192355000503671 
6192355000503668 
6192355000503673 
6192355000503672 
6192355000503675 
6192355000503676 
6192355000503677 
6192355000503674 
6192355000503679 
6192355000503680 
6192355000503681 
6192355000503678 
6192355000503683 
6192355000503684 
6192355000503682 
6192355000503686 
6192355000503687 
6192355000503688 
6192355000503685 
6192355000503690 
6192355000503691 
6192355000503689 
6192355000503693 
6192355000503694 
6192355000503692 
6192355000503696 
6192355000503697 
6192355000503698 
6192355000503695 
6192355000503700 
6192355000503701 
6192355000503699 
6192355000503703 
6192355000503704 
6192355000503705 
6192355000503702 
6192355000503707 
6192355000503708 
6192355000503706 
6192355000503651 
6192355000504653 
6192355000504654 
6192355000504655 
6192355000504652 
6192355000504657 
6192355000504656 
6192355000504659 
6192355000504660 
6192355000504658 
6192355000504662 
6192355000504661 
6192355000504664 
6192355000504663 
6192355000504666 
6192355000504667 
6192355000504668 
6192355000504665 
6192355000504670 
6192355000504671 
6192355000504669 
6192355000504673 
6192355000504674 
6192355000504672 
6192355000504676 
6192355000504677 
6192355000504675 
6192355000504679 
6192355000504678 
6192355000504681 
6192355000504682 
6192355000504680 
6192355000504684 
6192355000504683 
6192355000504686 
6192355000504687 
6192355000504685 
6192355000504689 
6192355000504690 
6192355000504688 
6192355000504692 
6192355000504693 
6192355000504691 
6192355000504695 
6192355000504696 
6192355000504694 
6192355000504698 
6192355000504699 
6192355000504697 
6192355000504701 
6192355000504702 
6192355000504700 
6192355000504704 
6192355000504705 
6192355000504706 
6192355000504703 
6192355000504708 
6192355000504709 
6192355000504707 
6192355000504711 
6192355000504712 
6192355000504713 
6192355000504710 
6192355000504715 
6192355000504716 
6192355000504714 
6192355000504718 
6192355000504719 
6192355000504720 
6192355000504717 
6192355000504722 
6192355000504723 
6192355000504721 
6192355000504725 
6192355000504726 
6192355000504727 
6192355000504724 
6192355000504729 
6192355000504730 
6192355000504731 
6192355000504728 
6192355000504733 
6192355000504734 
6192355000504732 
6192355000504736 
6192355000504737 
6192355000504735 
6192355000504739 
6192355000504740 
6192355000504738 
6192355000504742 
6192355000504741 
6192355000504744 
6192355000504745 
6192355000504746 
6192355000504743 
6192355000504748 
6192355000504749 
6192355000504750 
6192355000504747 
6192355000505152 
6192355000505151 
6192355000505154 
6192355000505155 
6192355000505156 
6192355000505153 
6192355000505158 
6192355000505159 
6192355000505157 
6192355000505161 
6192355000505162 
6192355000505160 
6192355000505164 
6192355000505165 
6192355000505163 
6192355000505167 
6192355000505168 
6192355000505166 
6192355000504651 
6192355000735952 
6192355000735953 
6192355000735954 
6192355000735951 
6192355000735956 
6192355000735957 
6192355000735955 
6192355000735959 
6192355000735960 
6192355000735961 
6192355000735958 
6192355000505551 
6192355000505629 
6192355000505620 
6192355000505621 
6192355000505619 
6192355000505623 
6192355000505624 
6192355000505622 
6192355000505626 
6192355000505627 
6192355000505625 
6192355000505607 
6192355000505628 
6192355000506852 
6192355000506853 
6192355000506854 
6192355000506851 
6192355000506856 
6192355000506857 
6192355000506858 
6192355000506859 
6192355000506855 
6192355000506861 
6192355000506862 
6192355000506860 
6192355000506864 
6192355000506865 
6192355000506863 
6192355000506867 
6192355000506868 
6192355000506866 
6192355000507251 
6192355000507254 
6192355000507255 
6192355000507253 
6192355000507257 
6192355000507258 
6192355000507256 
6192355000507252 
6192355000507305 
6192355000507306 
6192355000507304 
6192355000507308 
6192355000507309 
6192355000507307 
6192355000507311 
6192355000507312 
6192355000507310 
6192355000507314 
6192355000507315 
6192355000507316 
6192355000507317 
6192355000507313 
6192355000507319 
6192355000507320 
6192355000507318 
6192355000507322 
6192355000507323 
6192355000507321 
6192355000507325 
6192355000507326 
6192355000507324 
6192355000507328 
6192355000507329 
6192355000507327 
6192355000507331 
6192355000507332 
6192355000507330 
6192355000507334 
6192355000507335 
6192355000507333 
6192355000507337 
6192355000507338 
6192355000507336 
6192355000507340 
6192355000507339 
6192355000507342 
6192355000507343 
6192355000507341 
6192355000512253 
6192355000512254 
6192355000512252 
6192355000512256 
6192355000512257 
6192355000512258 
6192355000512255 
6192355000512260 
6192355000512261 
6192355000512259 
6192355000507265 
6192355000507278 
6192355000510351 
6192355000510352 
6192355000510353 
6192355000735963 
6192355000735964 
6192355000735965 
6192355000735962 
6192355000735967 
6192355000735968 
6192355000735969 
6192355000735966 
6192355000735971 
6192355000735972 
6192355000735970 
6192355000735974 
6192355000735975 
6192355000735976 
6192355000735973 
6192355000735978 
6192355000735979 
6192355000735980 
6192355000735977 
6192355000510354 
6192355000512251 
6192355000514759 
6192355000514760 
6192355000514758 
6192355000514762 
6192355000514763 
6192355000514761 
6192355000514751 
6192355000516072 
6192355000516071 
6192355000517167 
6192355000517168 
6192355000517188 
6192355000517166 
6192355000517170 
6192355000517171 
6192355000517172 
6192355000517169 
6192355000517174 
6192355000517175 
6192355000517189 
6192355000517173 
6192355000646656 
6192355000646659 
6192355000646657 
6192355000646660 
6192355000646661 
6192355000646658 
6192355000646655 
6192355000517190 
6192355000516154 
6192355000516155 
6192355000516153 
6192355000516157 
6192355000516158 
6192355000516156 
6192355000516160 
6192355000516161 
6192355000516159 
6192355000516163 
6192355000516164 
6192355000516162 
6192355000516166 
6192355000516167 
6192355000516165 
6192355000516169 
6192355000516168 
6192355000516171 
6192355000516172 
6192355000516170 
6192355000516174 
6192355000516173 
6192355000516176 
6192355000516177 
6192355000516175 
6192355000516219 
6192355000516220 
6192355000516218 
6192355000516222 
6192355000516223 
6192355000516224 
6192355000516221 
6192355000516226 
6192355000516227 
6192355000516225 
6192355000516151 
6192355000516152 
6192355000517752 
6192355000517755 
6192355000517751 
6192355000517757 
6192355000517760 
6192355000517756 
6192355000517762 
6192355000517772 
6192355000517761 
6192355000517765 
6192355000517766 
6192355000517769 
6192355000517764 
6192355000517768 
6192355000517767 
6192355000517771 
6192355000517776 
6192355000517770 
6192355000517774 
6192355000517773 
6192355000566351 
6192355000570451 
6192355000517754 
6192355000517799 
6192355000517802 
6192355000517753 
6192355000517801 
6192355000517832 
6192355000517800 
6192355000517804 
6192355000517811 
6192355000517831 
6192355000517803 
6192355000517806 
6192355000517805 
6192355000517808 
6192355000517814 
6192355000517817 
6192355000517807 
6192355000517810 
6192355000517809 
6192355000517813 
6192355000517812 
6192355000517816 
6192355000517818 
6192355000517815 
6192355000517820 
6192355000517819 
6192355000517822 
6192355000517825 
6192355000517821 
6192355000517828 
6192355000517833 
6192355000710086 
6192355000517823 
6192355000517830 
6192355000517834 
6192355000517829 
6192355000523452 
6192355000523451 
6192355000669954 
6192355000669953 
6192355000669956 
6192355000669955 
6192355000677179 
6192355000677178 
6192355000677184 
6192355000677185 
6192355000677183 
6192355000677187 
6192355000677186 
6192355000677189 
6192355000677190 
6192355000677188 
6192355000711893 
6192355000711894 
6192355000711892 
6192355000711896 
6192355000711895 
6192355000711898 
6192355000711901 
6192355000711897 
6192355000711900 
6192355000711899 
6192355000711903 
6192355000711902 
6192355000711905 
6192355000711906 
6192355000711904 
6192355000565851 
6192355000524851 
6192355000717312 
6192355000717321 
6192355000717311 
6192355000717314 
6192355000717334 
6192355000717313 
6192355000717325 
6192355000717330 
6192355000717324 
6192355000717327 
6192355000717331 
6192355000717326 
6192355000717329 
6192355000717328 
6192355000717333 
6192355000717340 
6192355000717332 
6192355000717336 
6192355000717337 
6192355000717335 
6192355000717339 
6192355000717341 
6192355000717338 
6192355000524852 
6192355000525353 
6192355000525354 
6192355000525355 
6192355000525352 
6192355000525357 
6192355000525358 
6192355000525356 
6192355000525360 
6192355000525361 
6192355000525362 
6192355000525359 
6192355000525364 
6192355000525365 
6192355000525363 
6192355000525367 
6192355000525368 
6192355000525366 
6192355000525370 
6192355000525371 
6192355000525369 
6192355000525373 
6192355000525374 
6192355000525372 
6192355000525351 
6192355000531280 
6192355000531281 
6192355000531307 
6192355000531279 
6192355000531283 
6192355000531284 
6192355000531282 
6192355000531286 
6192355000531287 
6192355000531285 
6192355000531289 
6192355000531290 
6192355000531288 
6192355000531292 
6192355000531293 
6192355000531291 
6192355000531295 
6192355000531296 
6192355000531294 
6192355000531298 
6192355000531299 
6192355000531297 
6192355000531301 
6192355000531302 
6192355000531300 
6192355000531304 
6192355000531305 
6192355000531306 
6192355000531303 
6192355000556451 
6192355000545452 
6192355000545455 
6192355000545456 
6192355000545451 
6192355000545454 
6192355000545457 
6192355000710099 
6192355000545453 
6192355000545459 
6192355000545460 
6192355000545458 
6192355000545462 
6192355000545463 
6192355000545461 
6192355000710101 
6192355000710100 
6192355000710103 
6192355000710102 
6192355000710105 
6192355000710108 
6192355000710104 
6192355000710107 
6192355000710109 
6192355000710106 
6192355000710111 
6192355000710112 
6192355000710110 
6192355000550210 
6192355000550209 
6192355000550213 
6192355000550212 
6192355000552252 
6192355000552251 
6192355000552254 
6192355000552253 
6192355000552257 
6192355000552258 
6192355000552256 
6192355000552260 
6192355000552261 
6192355000552259 
6192355000552263 
6192355000552264 
6192355000552262 
6192355000552267 
6192355000552268 
6192355000552265 
6192355000552275 
6192355000552274 
6192355000552277 
6192355000552278 
6192355000552276 
6192355000552280 
6192355000552279 
6192355000753452 
6192355000753453 
6192355000753479 
6192355000753451 
6192355000753455 
6192355000753456 
6192355000753454 
6192355000753458 
6192355000753459 
6192355000753460 
6192355000753457 
6192355000753462 
6192355000753461 
6192355000753464 
6192355000753465 
6192355000753463 
6192355000753467 
6192355000753468 
6192355000753469 
6192355000753466 
6192355000753471 
6192355000753472 
6192355000753470 
6192355000753474 
6192355000753475 
6192355000753473 
6192355000753477 
6192355000753478 
6192355000753476 
6192355000753544 
6192355000753545 
6192355000753546 
6192355000753543 
6192355000595370 
6192355000596551 
6192355000561486 
6192355000561487 
6192355000561488 
6192355000561485 
6192355000561490 
6192355000561491 
6192355000561489 
6192355000561451 
6192355000561454 
6192355000561455 
6192355000561453 
6192355000561457 
6192355000561458 
6192355000561456 
6192355000561460 
6192355000561461 
6192355000561459 
6192355000561463 
6192355000561464 
6192355000561462 
6192355000561466 
6192355000561467 
6192355000561468 
6192355000561465 
6192355000561470 
6192355000561471 
6192355000561469 
6192355000561473 
6192355000561474 
6192355000561472 
6192355000561452 
6192355000567351 
6192355000567352 
6192355000584172 
6192355000584182 
6192355000584171 
6192355000584174 
6192355000584183 
6192355000584173 
6192355000584176 
6192355000584177 
6192355000584184 
6192355000584175 
6192355000584179 
6192355000584189 
6192355000584178 
6192355000584181 
6192355000584188 
6192355000584180 
6192355000584186 
6192355000584187 
6192355000584185 
6192355000584191 
6192355000584192 
6192355000584190 
6192355000584194 
6192355000588254 
6192355000584193 
6192355000584196 
6192355000588255 
6192355000584195 
6192355000588253 
6192355000588264 
6192355000588252 
6192355000588257 
6192355000588258 
6192355000588256 
6192355000588262 
6192355000588263 
6192355000588261 
6192355000588266 
6192355000588267 
6192355000588265 
6192355000588269 
6192355000588275 
6192355000588268 
6192355000588271 
6192355000588270 
6192355000588273 
6192355000588274 
6192355000588272 
6192355000588279 
6192355000588280 
6192355000588276 
6192355000588282 
6192355000588281 
6192355000588284 
6192355000588283 
6192355000588286 
6192355000588287 
6192355000588285 
6192355000588289 
6192355000588290 
6192355000588288 
6192355000588292 
6192355000588293 
6192355000588291 
6192355000584652 
6192355000584653 
6192355000584651 
6192355000584655 
6192355000584654 
6192355000584657 
6192355000584658 
6192355000584659 
6192355000584656 
6192355000584661 
6192355000584662 
6192355000584660 
6192355000584664 
6192355000584665 
6192355000584663 
6192355000584667 
6192355000584668 
6192355000584669 
6192355000584666 
6192355000584671 
6192355000584672 
6192355000584670 
6192355000584674 
6192355000584675 
6192355000584673 
6192355000595353 
6192355000595354 
6192355000595352 
6192355000595356 
6192355000595357 
6192355000595355 
6192355000595359 
6192355000595360 
6192355000595358 
6192355000595362 
6192355000595363 
6192355000595361 
6192355000595365 
6192355000595366 
6192355000595364 
6192355000595368 
6192355000595369 
6192355000595367 
6192355000595351 
6192355000596552 
6192355000596553 
6192355000597154 
6192355000597155 
6192355000597153 
6192355000597157 
6192355000597158 
6192355000597156 
6192355000597160 
6192355000597161 
6192355000597159 
6192355000601557 
6192355000611954 
6192355000611955 
6192355000611953 
6192355000611957 
6192355000611958 
6192355000611959 
6192355000611956 
6192355000611961 
6192355000611962 
6192355000611960 
6192355000611964 
6192355000611965 
6192355000611963 
6192355000611967 
6192355000611968 
6192355000611966 
6192355000611970 
6192355000611971 
6192355000611969 
6192355000611974 
6192355000611972 
6192355000611976 
6192355000611977 
6192355000611975 
6192355000611979 
6192355000611980 
6192355000611981 
6192355000611978 
6192355000611952 
6192355000758252 
6192355000758253 
6192355000758254 
6192355000758251 
6192355000758256 
6192355000758257 
6192355000758258 
6192355000758255 
6192355000758260 
6192355000758259 
6192355000758262 
6192355000758261 
6192355000758264 
6192355000758265 
6192355000758266 
6192355000758263 
6192355000758268 
6192355000758267 
6192355000758270 
6192355000758271 
6192355000758272 
6192355000758269 
6192355000758274 
6192355000758275 
6192355000758276 
6192355000758273 
6192355000758278 
6192355000758279 
6192355000758277 
6192355000758281 
6192355000758280 
6192355000758283 
6192355000758284 
6192355000758285 
6192355000758282 
6192355000627551 
6192355000636051 
6192355000634451 
6192355000639951 
6192355000644351 
6192355000644352 
6192355000662952 
6192355000662951 
6192355000662954 
6192355000662955 
6192355000662953 
6192355000662957 
6192355000662956 
6192355000646251 
6192355000646252 
6192355000669970 
6192355000669969 
6192355000738651 
6192355000743251 
6192355000669960 
6192355000669959 
6192355000669962 
6192355000669961 
6192355000669964 
6192355000669963 
6192355000754051 
6192355000669997 
6192355000669996 
6192355000669999 
6192355000669998 
6192355000670001 
6192355000670002 
6192355000670000 
6192355000670004 
6192355000670005 
6192355000670003 
6192355000747051 
6192355000753566 
6192355000679754 
6192355000679755 
6192355000679756 
6192355000679753 
6192355000679758 
6192355000679759 
6192355000679757 
6192355000679761 
6192355000679762 
6192355000679760 
6192355000679764 
6192355000679765 
6192355000679763 
6192355000679767 
6192355000679768 
6192355000679769 
6192355000679766 
6192355000679751 
6192355000679752 
6192355000694153 
6192355000694154 
6192355000694152 
6192355000694156 
6192355000694157 
6192355000694155 
6192355000694159 
6192355000694160 
6192355000694158 
6192355000694162 
6192355000694163 
6192355000694161 
6192355000694165 
6192355000694166 
6192355000694164 
6192355000694168 
6192355000694169 
6192355000694170 
6192355000694167 
6192355000694151 
6192355000695551 
6192355000697610 
6192355000697611 
6192355000697614 
6192355000697609 
6192355000697613 
6192355000697612 
6192355000697616 
6192355000697615 
6192355000697618 
6192355000697617 
6192355000697620 
6192355000697619 
6192355000697622 
6192355000697623 
6192355000697621 
6192355000697627 
6192355000697628 
6192355000697626 
6192355000697630 
6192355000697629 
6192355000703651 
6192355000705751 
6192355000698353 
6192355000698354 
6192355000698360 
6192355000698352 
6192355000698356 
6192355000698359 
6192355000698355 
6192355000698358 
6192355000698357 
6192355000741151 
6192355000755051 
6192355000699059 
6192355000699060 
6192355000699058 
6192355000699062 
6192355000699063 
6192355000699064 
6192355000699061 
6192355000699066 
6192355000699067 
6192355000699068 
6192355000699065 
6192355000699070 
6192355000699071 
6192355000699069 
6192355000699073 
6192355000699074 
6192355000699072 
6192355000699076 
6192355000699077 
6192355000699075 
6192355000699079 
6192355000699080 
6192355000699081 
6192355000699078 
6192355000699051 
6192355000699150 
6192355000699084 
6192355000699085 
6192355000699083 
6192355000699087 
6192355000699088 
6192355000699086 
6192355000699090 
6192355000699091 
6192355000699089 
6192355000699093 
6192355000699094 
6192355000699095 
6192355000699092 
6192355000699097 
6192355000699098 
6192355000699099 
6192355000699096 
6192355000699101 
6192355000699102 
6192355000699100 
6192355000699104 
6192355000699105 
6192355000699103 
6192355000699082 
6192355000699149 
6192355000699125 
6192355000699126 
6192355000699124 
6192355000699128 
6192355000699129 
6192355000699130 
6192355000699127 
6192355000699113 
6192355000699148 
6192355000699959 
6192355000699960 
6192355000699958 
6192355000699962 
6192355000699963 
6192355000699961 
6192355000699965 
6192355000699966 
6192355000699964 
6192355000699968 
6192355000699969 
6192355000699967 
6192355000699971 
6192355000699972 
6192355000699973 
6192355000699970 
6192355000699975 
6192355000699976 
6192355000699977 
6192355000699974 
6192355000699979 
6192355000699980 
6192355000699978 
6192355000699982 
6192355000699983 
6192355000699981 
6192355000699951 
6192355000703652 
6192355000713353 
6192355000713352 
6192355000713355 
6192355000713356 
6192355000713354 
6192355000713358 
6192355000713359 
6192355000713357 
6192355000713351 
6192355000717299 
6192355000717300 
6192355000717298 
6192355000717302 
6192355000717303 
6192355000717304 
6192355000717301 
6192355000717306 
6192355000717307 
6192355000717305 
6192355000717309 
6192355000717310 
6192355000717308 
6192355000739552 
6192355000741351 
6192355000741352 
6192355000739551 
6192355000740153 
6192355000740152 
6192355000740155 
6192355000740154 
6192355000740157 
6192355000740156 
6192355000740159 
6192355000740160 
6192355000740158 
6192355000740151 
6192355000730852 
6192355000730853 
6192355000730851 
6192355000730855 
6192355000730856 
6192355000730854 
6192355000730858 
6192355000730859 
6192355000730857 
6192355000753552 
6192355000753551 
6192355000753554 
6192355000753553 
6192355000753556 
6192355000753557 
6192355000753555 
6192355000753559 
6192355000753558 
6192355000753561 
6192355000753560 
6192355000753563 
6192355000753564 
6192355000753565 
6192355000753562 
6192355000738251 
6192355000738656 
6192355000738655 
6192355000738658 
6192355000738657 
6192355000738660 
6192355000738659 
6192355000738662 
6192355000738661 
6192355000738652 
6192355000738663 
6192355000741152 
6192355000741173 
6192355000741172 
6192355000741175 
6192355000741174 
6192355000741162 
6192355000743252 
6192355000743253 
6192355000743452 
6192355000743453 
6192355000743454 
6192355000743451 
6192355000743456 
6192355000743457 
6192355000743455 
6192355000743459 
6192355000743458 
6192355000752076 
6192355000752075 
6192355000752051 
6192354999754290 
6192354999754291 
6192354999754292 
6192354999939974 
6192354999939975 
6192354999939976 
6192354999754065 
6192354999754066 
6192354999754067 
6192354999950067 
6192354999950068 
6192354999950069 
6192354999754281 
6192354999754282 
6192354999754283 
6192354999939993 
6192354999939994 
6192354999939995 
6192354999754272 
6192354999754273 
6192354999754274 
6192354999937666 
6192354999937667 
6192354999937668 
6192354999754071 
6192354999754072 
6192354999754073 
6192354999938369 
6192354999938370 
6192354999938371 
6192354999754089 
6192354999754090 
6192354999754091 
6192355000151852 
6192355000151853 
6192354999754124 
6192354999754125 
6192354999754126 
6192354999947624 
6192354999947625 
6192354999947626 
6192354999950051 
6192354999950052 
6192354999950053 
6192354999754092 
6192354999754093 
6192354999754094 
6192354999939984 
6192354999939985 
6192354999939986 
6192354999947560 
6192354999947561 
6192354999947562 
6192354999754109 
6192354999754110 
6192354999754111 
6192354999936895 
6192354999936896 
6192354999936897 
6192354999754056 
6192354999754057 
6192354999754058 
6192354999938360 
6192354999938361 
6192354999938362 
6192354999754133 
6192354999754134 
6192354999754135 
6192354999938363 
6192354999938364 
6192354999938365 
6192354999754266 
6192354999754268 
6192354999754270 
6192354999947581 
6192354999947582 
6192354999947583 
6192354999754077 
6192354999754078 
6192354999754079 
6192354999939965 
6192354999939966 
6192354999939967 
6192354999754053 
6192354999754054 
6192354999754055 
6192354999939962 
6192354999939963 
6192354999939964 
6192354999952061 
6192354999952062 
6192354999952063 
6192354999754101 
6192354999754102 
6192354999754103 
6192354999947554 
6192354999947555 
6192354999947556 
6192354999754142 
6192354999754143 
6192354999754144 
6192354999947636 
6192354999947637 
6192354999947638 
6192354999754068 
6192354999754069 
6192354999754070 
6192354999936886 
6192354999936887 
6192354999936888 
6192354999754130 
6192354999754131 
6192354999754132 
6192354999950060 
6192354999950061 
6192354999950062 
6192354999753851 
6192354999754107 
6192354999754108 
6192354999754260 
6192354999754261 
6192354999754262 
6192354999947566 
6192354999947567 
6192354999947568 
6192354999754267 
6192354999754269 
6192354999754271 
6192354999947584 
6192354999947585 
6192354999947586 
6192354999754059 
6192354999754060 
6192354999754061 
6192354999937669 
6192354999937670 
6192354999937671 
6192354999754275 
6192354999754276 
6192354999754277 
6192354999947642 
6192354999947643 
6192354999947644 
6192354999754127 
6192354999754128 
6192354999754129 
6192354999947605 
6192354999947606 
6192354999947607 
6192354999754254 
6192354999754255 
6192354999754256 
6192354999939987 
6192354999939988 
6192354999939989 
6192354999754083 
6192354999754084 
6192354999754085 
6192354999947572 
6192354999947573 
6192354999947574 
6192354999754287 
6192354999754288 
6192354999754289 
6192354999938366 
6192354999938367 
6192354999938368 
6192354999754145 
6192354999754146 
6192354999754147 
6192354999936898 
6192354999936899 
6192354999936900 
6192354999754257 
6192354999754258 
6192354999754259 
6192354999947599 
6192354999947600 
6192354999947601 
6192354999754095 
6192354999754096 
6192354999754097 
6192354999939978 
6192354999939979 
6192354999939980 
6192354999754086 
6192354999754087 
6192354999754088 
6192354999947627 
6192354999947628 
6192354999947629 
6192354999754115 
6192354999754116 
6192354999754117 
6192354999947578 
6192354999947579 
6192354999947580 
6192354999947621 
6192354999947622 
6192354999947623 
6192354999937657 
6192354999937658 
6192354999937659 
6192354999754148 
6192354999754149 
6192354999754150 
6192354999947633 
6192354999947634 
6192354999947635 
6192354999754121 
6192354999754122 
6192354999754123 
6192354999938357 
6192354999938358 
6192354999938359 
6192354999754112 
6192354999754113 
6192354999754114 
6192354999950064 
6192354999950065 
6192354999950066 
6192354999754062 
6192354999754063 
6192354999754064 
6192354999947614 
6192354999947615 
6192354999947616 
6192354999754278 
6192354999754279 
6192354999754280 
6192354999936751 
6192354999936871 
6192354999936874 
6192355000055951 
6192354999754098 
6192354999754099 
6192354999754100 
6192354999939981 
6192354999939982 
6192354999939983 
6192354999754251 
6192354999754252 
6192354999754253 
6192354999938354 
6192354999938355 
6192354999938356 
6192354999754284 
6192354999754285 
6192354999754286 
6192354999939990 
6192354999939991 
6192354999939992 
6192354999754080 
6192354999754081 
6192354999754082 
6192354999950070 
6192354999950071 
6192354999950072 
6192354999754136 
6192354999754137 
6192354999754138 
6192354999937654 
6192354999937655 
6192354999937656 
6192354999754074 
6192354999754075 
6192354999754076 
6192354999947639 
6192354999947640 
6192354999947641 
6192354999754139 
6192354999754140 
6192354999754141 
6192354999938351 
6192354999938352 
6192354999938353 
6192354999754263 
6192354999754264 
6192354999754265 
6192354999947596 
6192354999947597 
6192354999947598 
6192354999754118 
6192354999754119 
6192354999754120 
6192354999950054 
6192354999950055 
6192354999950056 
6192354999754104 
6192354999754105 
6192354999754106 
6192354999947602 
6192354999947603 
6192354999947604 
6192354999760851 
6192354999939953 
6192355000055954 
6192355000131568 
6192354999952060 
6192355000055957 
6192355000131573 
6192354999939951 
6192355000055952 
6192355000131551 
6192354999950063 
6192355000055956 
6192355000131570 
6192354999939952 
6192355000055953 
6192355000131552 
6192354999947620 
6192355000055955 
6192355000131569 
6192354999858651 
6192354999858652 
6192354999858653 
6192355000055972 
6192355000055973 
6192355000131571 
6192355000345551 
6192354999858657 
6192354999858658 
6192354999858659 
6192355000055959 
6192355000055975 
6192355000131572 
6192355000345552 
6192354999858654 
6192354999858655 
6192354999858656 
6192355000055958 
6192355000055974 
6192355000055976 
6192355000345553 
6192354999937651 
6192354999937652 
6192354999937653 
6192354999936889 
6192354999936890 
6192354999936891 
6192354999936892 
6192354999936893 
6192354999936894 
6192354999939968 
6192354999939969 
6192354999939970 
6192355000055960 
6192355000055977 
6192355000131559 
6192355000345555 
6192355000055961 
6192355000055978 
6192355000131556 
6192355000345556 
6192355000055962 
6192355000055979 
6192355000131557 
6192355000345557 
6192355000055963 
6192355000055980 
6192355000131558 
6192355000345558 
6192355000037651 
6192355000055964 
6192355000055981 
6192355000131560 
6192355000345559 
6192355000055965 
6192355000055982 
6192355000131561 
6192355000345560 
6192355000055966 
6192355000055983 
6192355000131562 
6192355000345561 
6192355000055967 
6192355000055984 
6192355000131563 
6192355000345562 
6192355000037652 
6192355000055968 
6192355000055985 
6192355000131564 
6192355000345563 
6192355000055969 
6192355000055986 
6192355000131565 
6192355000345564 
6192355000055970 
6192355000055987 
6192355000131566 
6192355000345565 
6192355000055971 
6192355000055988 
6192355000131567 
6192355000345566 
6192355000451551 
6192355000451552 
6192355000451553 
6192355000451554 
6192355000451555 
6192355000451556 
6192355000451557 
6192355000451558 
6192355000451559 
6192355000451560 
6192354999936872 
6192354999936884 
6192354999936885 
6192354999939954 
6192354999939955 
6192354999939956 
6192354999939971 
6192354999939972 
6192354999939973 
6192354999947551 
6192354999947552 
6192354999947553 
6192354999947569 
6192354999947570 
6192354999947571 
6192354999947593 
6192354999947594 
6192354999947595 
6192354999947590 
6192354999947591 
6192354999947592 
6192354999947608 
6192354999947609 
6192354999947610 
6192354999947611 
6192354999947612 
6192354999947613 
6192354999947630 
6192354999947631 
6192354999947632 
6192355000336084 
6192355000336085 
6192355000336086 
6192354999936882 
6192354999936883 
6192355000584076 
6192354999937660 
6192354999937661 
6192354999937662 
6192354999939960 
6192354999939961 
6192355000511851 
6192354999947557 
6192354999947558 
6192354999947559 
6192354999947575 
6192354999947576 
6192354999947577 
6192354999947617 
6192354999947618 
6192354999947619 
6192354999947645 
6192354999947646 
6192354999947647 
6192354999947648 
6192354999947649 
6192354999947650 
6192354999950057 
6192354999950058 
6192354999950059 
6192354999950073 
6192354999950074 
6192354999950075 
6192354999950076 
6192354999950077 
6192354999950078 
6192354999952051 
6192354999952052 
6192354999952053 
6192354999952057 
6192354999952058 
6192354999952059 
6192355000131553 
6192355000131554 
6192355000131555 
6192354999947563 
6192354999947564 
6192354999947565 
6192354999936877 
6192354999936878 
6192354999936879 
6192354999936880 
6192354999936881 
6192354999939996 
6192354999939997 
6192354999939998 
6192354999952054 
6192354999952055 
6192354999952056 
6192354999947587 
6192354999947588 
6192354999947589 
6192355000166751 
6192355000046151 
6192355000046152 
6192355000046153 
6192355000171751 
6192355000171752 
6192355000171753 
6192355000332651 
6192355000332652 
6192355000332653 
6192355000334060 
6192355000334061 
6192355000303851 
6192355000303852 
6192355000303853 
6192355000371151 
6192355000371152 
6192355000371153 
6192355000334057 
6192355000334058 
6192355000334059 
6192355000292551 
6192355000334054 
6192355000334055 
6192355000334056 
6192355000334051 
6192355000334052 
6192355000334053 
6192355000620551 
6192355000620552 
6192355000620553 
6192355000620451 
6192355000620452 
6192355000450352 
6192355000450353 
6192355000450354 
6192355000450355 
6192355000450356 
6192355000450357 
6192355000482251 
6192355000482252 
6192355000525552 
6192355000525551 
6192355000620453 
6192355000620454 
6192355000689351 
6192354999911253 
6192354999911254 
6192354999912451 
6192354999912452 
6192355000068158 
6192355000068159 
6192355000145951 
6192355000068162 
6192355000068161 
6192355000068152 
6192355000068160 
6192355000068163 
6192355000068166 
6192355000068151 
6192355000068153 
6192355000068155 
6192355000068156 
6192355000068165 
6192355000068157 
6192355000068751 
6192355000068164 
6192355000087152 
6192355000068154 
6192355000087151 
6192355000087153 
6192355000334151 
6192355000334152 
6192355000334153 
6192355000336081 
6192355000336082 
6192355000336083 
6192355000336078 
6192355000336079 
6192355000336080 
6192355000336072 
6192355000336073 
6192355000336074 
6192355000336075 
6192355000336076 
6192355000336077 
6192355000336069 
6192355000336070 
6192355000336071 
6192355000336051 
6192355000336052 
6192355000336053 
6192355000336054 
6192355000336055 
6192355000336056 
6192355000345567 
6192355000336057 
6192355000336058 
6192355000336059 
6192355000345568 
6192355000336060 
6192355000336061 
6192355000336062 
6192355000345569 
6192355000336063 
6192355000336064 
6192355000336065 
6192355000345570 
6192355000336066 
6192355000336067 
6192355000336068 
6192355000345571 
6192354999922851 
6192354999925751 
6192354999922853 
6192354999924752 
6192354999953051 
6192354999987251 
6192354999987252 
6192355000205551 
6192355000205552 
6192355000206351 
6192355000206352 
6192355000206353 
6192355000206354 
6192355000206355 
6192355000206356 
6192355000206357 
6192355000206358 
6192355000206359 
6192355000206360 
6192355000206361 
6192355000206362 
6192355000247451 
6192355000247452 
6192355000247453 
6192355000247454 
6192355000322351 
6192355000322352 
6192355000332654 
6192355000332851 
6192355000332852 
6192355000348981 
6192355000358459 
6192355000366351 
6192355000379451 
6192355000379452 
6192355000422651 
6192355000436951 
6192355000450358 
6192355000450359 
6192355000466951 
6192355000466952 
6192355000466953 
6192355000468433 
6192355000501051 
6192355000518051 
6192355000518052 
6192355000518053 
6192355000518054 
6192355000518055 
6192355000518056 
6192355000518057 
6192355000522676 
6192355000522677 
6192355000522678 
6192355000522679 
6192355000522680 
6192355000522681 
6192355000522682 
6192355000522683 
6192355000546057 
6192355000556884 
6192355000556891 
6192355000556892 
6192355000556893 
6192355000565051 
6192355000565052 
6192355000565053 
6192355000565054 
6192355000565055 
6192355000565056 
6192355000565057 
6192355000565058 
6192355000565059 
6192355000565060 
6192355000565061 
6192355000565062 
6192355000565063 
6192355000565064 
6192355000565065 
6192355000565066 
6192355000565067 
6192355000565068 
6192355000565069 
6192355000565070 
6192355000565071 
6192355000565072 
6192355000565073 
6192355000565074 
6192355000565075 
6192355000565076 
6192355000565077 
6192355000565078 
6192355000565079 
6192355000565080 
6192355000565081 
6192355000565082 
6192355000573451 
6192355000573452 
6192355000584051 
6192355000584052 
6192355000584053 
6192355000584054 
6192355000584055 
6192355000584056 
6192355000584057 
6192355000584058 
6192355000584059 
6192355000584060 
6192355000584061 
6192355000584062 
6192355000584063 
6192355000670251 
6192355000670252 
6192355000670253 
6192355000670254 
6192355000670255 
6192355000670256 
6192355000670257 
6192355000671351 
6192355000671352 
6192355000677670 
6192355000702451 
6192355000702452 
6192355000724251 
6192355000724252 
6192355000725051 
6192355000739778 
6192355000269851 
6192355000269852 
6192355000363951 
6192355000363952 
6192355000730451 
6192355000730453 
6192355000730454 
6192355000708351 
6192355000514151 
6192355000514152 
6192355000514153 
6192355000514154 
6192355000514155 
6192355000514156 
6192355000514157 
6192355000514158 
6192355000514159 
6192355000514160 
6192355000514161 
6192355000514162 
6192355000514163 
6192355000514164 
6192355000514165 
6192355000514166 
6192355000514167 
6192355000514168 
6192355000514169 
6192355000514170 
6192355000514171 
6192355000514172 
6192355000514173 
6192355000514174 
6192355000514175 
6192355000514176 
6192355000514177 
6192355000514178 
6192355000514179 
6192355000514180 
6192355000514181 
6192355000514182 
6192355000514183 
6192355000514184 
6192355000514185 
6192355000514186 
6192355000514187 
6192355000514188 
6192355000514189 
6192355000514190 
6192355000746851 
6192354999952452 
6192354999952453 
6192355000339751 
6192354999952451 
6192354999952455 
6192354999952458 
6192354999952454 
6192354999952457 
6192354999952459 
6192354999952456 
6192354999952461 
6192354999952462 
6192354999952463 
6192354999952460 
6192354999952467 
6192354999952471 
6192354999952466 
6192354999952469 
6192354999952470 
6192354999952468 
6192354999952473 
6192354999952481 
6192354999952472 
6192354999952483 
6192354999952484 
6192354999952482 
6192354999952486 
6192354999952487 
6192354999952485 
6192354999952475 
6192354999952476 
6192354999952477 
6192354999952474 
6192354999952479 
6192354999952480 
6192354999952478 
6192354999952491 
6192354999952492 
6192354999952490 
6192354999952494 
6192354999952495 
6192354999952498 
6192354999952493 
6192354999952500 
6192354999952501 
6192354999952502 
6192354999952499 
6192354999952504 
6192354999952506 
6192354999952503 
6192354999952508 
6192354999952509 
6192354999952507 
6192354999952511 
6192354999952512 
6192354999952510 
6192354999952952 
6192354999952953 
6192354999952951 
6192354999952955 
6192354999952959 
6192354999952954 
6192354999952957 
6192354999952958 
6192354999952956 
6192354999952961 
6192354999952962 
6192354999952963 
6192354999952960 
6192355000153127 
6192355000153128 
6192355000153126 
6192355000153131 
6192355000153132 
6192355000153129 
6192355000153136 
6192355000153137 
6192355000153138 
6192355000153135 
6192355000153140 
6192355000153141 
6192355000153142 
6192355000153139 
6192355000153144 
6192355000153145 
6192355000153143 
6192355000153147 
6192355000153148 
6192355000153146 
6192355000153150 
6192355000155051 
6192355000155052 
6192355000153149 
6192355000155054 
6192355000155055 
6192355000155056 
6192355000155053 
6192355000155058 
6192355000155059 
6192355000155057 
6192355000155061 
6192355000155062 
6192355000155060 
6192355000155064 
6192355000155065 
6192355000155063 
6192355000375652 
6192355000375653 
6192355000375651 
6192355000155068 
6192355000155069 
6192355000155067 
6192355000155071 
6192355000155072 
6192355000155070 
6192355000155074 
6192355000155075 
6192355000155073 
6192355000155077 
6192355000155078 
6192355000155076 
6192355000155080 
6192355000155081 
6192355000155079 
6192355000155089 
6192355000155090 
6192355000155088 
6192355000155092 
6192355000155096 
6192355000155091 
6192355000155098 
6192355000155099 
6192355000155100 
6192355000155097 
6192355000155102 
6192355000155103 
6192355000155101 
6192355000155105 
6192355000155109 
6192355000155110 
6192355000155104 
6192355000155107 
6192355000155108 
6192355000155106 
6192355000237652 
6192355000237653 
6192355000237651 
6192355000237655 
6192355000237656 
6192355000237654 
6192355000237658 
6192355000237659 
6192355000237657 
6192355000237661 
6192355000237662 
6192355000237660 
6192355000375655 
6192355000375656 
6192355000375654 
6192355000375658 
6192355000375659 
6192355000375657 
6192355000375661 
6192355000375662 
6192355000375666 
6192355000375660 
6192355000375664 
6192355000375665 
6192355000375663 
6192355000375668 
6192355000375669 
6192355000375667 
6192355000464452 
6192355000464453 
6192355000464451 
6192355000464455 
6192355000464456 
6192355000464457 
6192355000464454 
6192355000464459 
6192355000464460 
6192355000464458 
6192355000464462 
6192355000464465 
6192355000464461 
6192355000464464 
6192355000464466 
6192355000464467 
6192355000464463 
6192355000493176 
6192355000493189 
6192355000493190 
6192355000493175 
6192355000493192 
6192355000493195 
6192355000493191 
6192355000493194 
6192355000493196 
6192355000493197 
6192355000493193 
6192355000493199 
6192355000493200 
6192355000493201 
6192355000493198 
6192355000493178 
6192355000493202 
6192355000493203 
6192355000493177 
6192355000493205 
6192355000493208 
6192355000493204 
6192355000493207 
6192355000493209 
6192355000493206 
6192355000493211 
6192355000493214 
6192355000493215 
6192355000493210 
6192355000493213 
6192355000493216 
6192355000493212 
6192355000493180 
6192355000493232 
6192355000493179 
6192355000493234 
6192355000493235 
6192355000493233 
6192355000493237 
6192355000493241 
6192355000493236 
6192355000493239 
6192355000493240 
6192355000493238 
6192355000493243 
6192355000493244 
6192355000493242 
6192355000493182 
6192355000493217 
6192355000493181 
6192355000493219 
6192355000493223 
6192355000493218 
6192355000493221 
6192355000493222 
6192355000493220 
6192355000493225 
6192355000493226 
6192355000493227 
6192355000493228 
6192355000493224 
6192355000493230 
6192355000493231 
6192355000493229 
6192355000493184 
6192355000493245 
6192355000493183 
6192355000493247 
6192355000493248 
6192355000493246 
6192355000493250 
6192355000495156 
6192355000493249 
6192355000495152 
6192355000495157 
6192355000495151 
6192355000495154 
6192355000495155 
6192355000495153 
6192355000493186 
6192355000495159 
6192355000493185 
6192355000495161 
6192355000495162 
6192355000495163 
6192355000495160 
6192355000495165 
6192355000495166 
6192355000495164 
6192355000495168 
6192355000495171 
6192355000495167 
6192355000495170 
6192355000495172 
6192355000495169 
6192355000493188 
6192355000495173 
6192355000493187 
6192355000495175 
6192355000495176 
6192355000495174 
6192355000495178 
6192355000495179 
6192355000495177 
6192355000495181 
6192355000495185 
6192355000495189 
6192355000495180 
6192355000495183 
6192355000495184 
6192355000495182 
6192355000495187 
6192355000495188 
6192355000495186 
6192355000495191 
6192355000495192 
6192355000495193 
6192355000495190 
6192354999922551 
6192355000032451 
6192355000032452 
